-- --------------------------------------------------------
-- Hôte:                         127.0.0.1
-- Version du serveur:           8.0.30 - MySQL Community Server - GPL
-- SE du serveur:                Win64
-- HeidiSQL Version:             12.1.0.6537
-- --------------------------------------------------------

/*!40101 SET @OLD_CHARACTER_SET_CLIENT=@@CHARACTER_SET_CLIENT */;
/*!40101 SET NAMES utf8 */;
/*!50503 SET NAMES utf8mb4 */;
/*!40103 SET @OLD_TIME_ZONE=@@TIME_ZONE */;
/*!40103 SET TIME_ZONE='+00:00' */;
/*!40014 SET @OLD_FOREIGN_KEY_CHECKS=@@FOREIGN_KEY_CHECKS, FOREIGN_KEY_CHECKS=0 */;
/*!40101 SET @OLD_SQL_MODE=@@SQL_MODE, SQL_MODE='NO_AUTO_VALUE_ON_ZERO' */;
/*!40111 SET @OLD_SQL_NOTES=@@SQL_NOTES, SQL_NOTES=0 */;

-- Listage de la structure de table mysql. b_authentification
DROP TABLE IF EXISTS `b_authentification`;
CREATE TABLE IF NOT EXISTS `b_authentification` (
  `IdAuth` int NOT NULL AUTO_INCREMENT,
  `Token` varchar(128) DEFAULT NULL,
  `DateExpiration` datetime DEFAULT NULL,
  `IdJoueur` int NOT NULL,
  PRIMARY KEY (`IdAuth`),
  KEY `IdJoueur` (`IdJoueur`)
) ENGINE=InnoDB AUTO_INCREMENT=28 DEFAULT CHARSET=utf8mb3;

-- Listage des données de la table mysql.b_authentification : ~25 rows (environ)
DELETE FROM `b_authentification`;
INSERT INTO `b_authentification` (`IdAuth`, `Token`, `DateExpiration`, `IdJoueur`) VALUES
	(1, 'qzdzqdq', '2023-01-21 18:41:26', 23),
	(2, 'afe9b16825e67f8e230d2a8e89bd455a6b56e94f5767f1ff47a18cd04678a7d9', '2023-01-21 21:00:27', 13),
	(3, 'j1', '2023-01-21 21:00:31', 22),
	(4, 'michel', '2023-01-21 21:00:49', 23),
	(5, '5aabbe1bcedbb3fdd97be9acd0d4d173e08046d3ecbbd59ceacddd9284e11ef4', '2023-04-30 15:51:25', 14),
	(6, '7e02559f8b8eef3da2c8a6546be47a28005cec18dd542f763b7e67ac9d840208', '2023-04-30 15:53:37', 24),
	(7, '6717561ea3b5842f705db3f80c4609b045bce44b3753368e0f0715923fc5c638', '2023-04-30 16:00:54', 25),
	(8, 'fff92af0dc67071f34ba0792c161b4caa16cedf4663ca4bbc139458afe363542', '2023-04-30 16:06:25', 26),
	(9, 'ee3f403ecdb3c4f84d5e61cfa20d8f69690f417ce2f891eb071014b239bd97fa', '2023-04-30 16:17:30', 27),
	(10, 'd46f05b5fe734bbaa177c19e2f2664cfa082e564e295dd7cdfe8b09ff2b20a9b', '2023-04-30 18:28:12', 28),
	(11, 'bc6384f78f393b14d1acc608c2da719ccdeeec8330c7267eabb6314871c1e250', '2023-04-30 18:30:50', 29),
	(12, 'd8f15a088d6849118e30a82a79d9bfdb498ef25011573f70246b7d927e2ac950', '2023-04-30 19:49:25', 30),
	(13, '177c26263c900ac15c7e3a73b5c93f97c1d56ffe45781aafab58dfc467af8e03', '2023-04-30 19:52:23', 31),
	(14, '7d9d1a4a8328badeaa94282f34d8cf0d07d833aafc0c9af1476843d84a2c2f04', '2023-05-02 21:04:26', 32),
	(17, '8ead4bb3f18ada182dfaaf205bc56aff8541f35894d218e92a8514047e94b458', '2023-05-22 18:59:38', 8),
	(18, 'f2eddbfc4f698e6583c791cb0af7b7ee7c414f3f49c2040bfbd373e265b34431', '2023-05-22 19:25:13', 8),
	(19, 'b0814eefe6f2f8afc97e5d389914e4cecd83d285e5ea79e5d037856cb355a4f4', '2023-09-22 19:58:20', 8),
	(20, 'be472619673b2e04a7537cf850320bb2caecdd8731cf5f3dac59669ba8f73cd8', '2023-05-22 20:06:30', 8),
	(21, '8b4849fed43bda417d70b71f7181342090f87d968b954017174ac014bd4c5927', '2023-05-23 00:32:32', 8),
	(22, 'f7b7a93db1fef52dfce40ab78eb859a2b3b67c67689d22d0c4432871119e27ab', '2023-05-22 22:33:34', 8),
	(23, 'cad5c891a763c5eafb1dea870bd9df9728a6a80a4d6ff3692298fc473057ac68', '2023-05-22 23:12:19', 8),
	(24, '83d038567aa61b9b609eec46745fd9e6866c3f63e6a77c3d1993d3859620825b', '2023-05-23 00:12:45', 8),
	(25, '4d01ab8def4a7edbaa67644c869b77cec89b5871721d50eb3e951dfb75021815', '2023-05-23 00:20:26', 8),
	(26, 'd1e08b4ae9a3edab17a13c99b73cd9978ae1d872f6f116b8f99cf532695d492c', '2023-05-30 17:37:40', 22),
	(27, '0ad7abfdca4b542b786cbce9a4dd7da18bf7d8307a659d7365ef9bc3b3b07f89', '2023-06-02 19:53:22', 33);

-- Listage de la structure de table mysql. b_jouer
DROP TABLE IF EXISTS `b_jouer`;
CREATE TABLE IF NOT EXISTS `b_jouer` (
  `IdJoueur` int NOT NULL,
  `IdPartie` int NOT NULL,
  `Score` int DEFAULT NULL,
  PRIMARY KEY (`IdJoueur`,`IdPartie`),
  KEY `IdPartie` (`IdPartie`)
) ENGINE=InnoDB DEFAULT CHARSET=utf8mb3;

-- Listage des données de la table mysql.b_jouer : ~355 rows (environ)
DELETE FROM `b_jouer`;
INSERT INTO `b_jouer` (`IdJoueur`, `IdPartie`, `Score`) VALUES
	(8, 38, 6),
	(8, 41, 0),
	(8, 43, 0),
	(8, 45, 0),
	(8, 200, 0),
	(8, 220, 7),
	(8, 221, 1),
	(8, 222, 1),
	(8, 223, 0),
	(8, 224, 1),
	(8, 225, 1),
	(8, 226, 1),
	(8, 227, 1),
	(8, 228, 1),
	(8, 229, 1),
	(8, 230, 1),
	(8, 232, 0),
	(8, 233, 0),
	(8, 234, 0),
	(8, 235, 0),
	(8, 236, 0),
	(8, 237, 0),
	(8, 238, 5),
	(8, 239, 2),
	(8, 240, 0),
	(8, 241, 2),
	(8, 242, 0),
	(8, 243, 0),
	(8, 244, 0),
	(8, 245, 6),
	(8, 246, 12),
	(8, 247, 0),
	(8, 248, 15),
	(8, 249, 0),
	(8, 250, 0),
	(8, 251, 0),
	(8, 252, 6),
	(8, 253, 1),
	(8, 254, 5),
	(8, 255, 2),
	(8, 256, 0),
	(8, 257, 2),
	(8, 258, 1),
	(8, 259, 1),
	(8, 260, 2),
	(8, 261, 1),
	(8, 262, 2),
	(8, 263, 1),
	(8, 264, 2),
	(8, 265, 2),
	(8, 266, 1),
	(8, 267, 0),
	(8, 268, 1),
	(8, 269, 1),
	(8, 270, 1),
	(8, 271, 1),
	(8, 272, 1),
	(8, 273, 4),
	(8, 274, 4),
	(8, 275, 1),
	(8, 276, 0),
	(8, 277, 0),
	(8, 278, 2),
	(8, 279, 2),
	(8, 280, 1),
	(8, 281, 4),
	(8, 282, 3),
	(8, 283, 0),
	(8, 284, 2),
	(8, 285, 2),
	(22, 37, 0),
	(22, 38, 2),
	(22, 39, 5),
	(22, 40, 0),
	(22, 41, 0),
	(22, 42, 0),
	(22, 43, 0),
	(22, 44, 0),
	(22, 46, 0),
	(22, 47, 0),
	(22, 49, 0),
	(22, 50, 0),
	(22, 51, 0),
	(22, 52, 0),
	(22, 53, 0),
	(22, 54, 0),
	(22, 55, 0),
	(22, 57, 0),
	(22, 59, 0),
	(22, 61, 0),
	(22, 62, 0),
	(22, 63, 0),
	(22, 64, 0),
	(22, 65, 0),
	(22, 66, 0),
	(22, 67, 0),
	(22, 68, 0),
	(22, 69, 0),
	(22, 70, 0),
	(22, 71, 0),
	(22, 72, 0),
	(22, 73, 0),
	(22, 74, 0),
	(22, 75, 0),
	(22, 76, 0),
	(22, 77, 0),
	(22, 78, 0),
	(22, 79, 0),
	(22, 80, 0),
	(22, 81, 0),
	(22, 82, 0),
	(22, 83, 0),
	(22, 85, 0),
	(22, 86, 0),
	(22, 87, 0),
	(22, 88, 0),
	(22, 89, 0),
	(22, 90, 0),
	(22, 91, 0),
	(22, 92, 0),
	(22, 93, 0),
	(22, 94, 0),
	(22, 95, 0),
	(22, 96, 0),
	(22, 97, 0),
	(22, 98, 0),
	(22, 99, 0),
	(22, 100, 0),
	(22, 101, 0),
	(22, 102, 0),
	(22, 103, 0),
	(22, 104, 0),
	(22, 105, 0),
	(22, 106, 0),
	(22, 107, 0),
	(22, 108, 0),
	(22, 109, 0),
	(22, 110, 0),
	(22, 111, 1),
	(22, 112, 0),
	(22, 113, 0),
	(22, 114, 0),
	(22, 115, 0),
	(22, 116, 0),
	(22, 117, 0),
	(22, 118, 0),
	(22, 119, 0),
	(22, 120, 0),
	(22, 121, 0),
	(22, 122, 0),
	(22, 123, 0),
	(22, 124, 0),
	(22, 125, 0),
	(22, 126, 0),
	(22, 127, 0),
	(22, 128, 0),
	(22, 129, 2),
	(22, 130, 3),
	(22, 131, 0),
	(22, 132, 0),
	(22, 133, 0),
	(22, 134, 0),
	(22, 135, 0),
	(22, 136, 0),
	(22, 137, 0),
	(22, 138, 0),
	(22, 139, 0),
	(22, 140, 0),
	(22, 141, 0),
	(22, 142, 0),
	(22, 143, 0),
	(22, 144, 0),
	(22, 145, 0),
	(22, 146, 0),
	(22, 147, 0),
	(22, 148, 0),
	(22, 149, 0),
	(22, 150, 0),
	(22, 151, 0),
	(22, 152, 0),
	(22, 153, 0),
	(22, 154, 0),
	(22, 155, 0),
	(22, 156, 0),
	(22, 157, 0),
	(22, 158, 0),
	(22, 159, 0),
	(22, 160, 0),
	(22, 161, 0),
	(22, 162, 0),
	(22, 163, 0),
	(22, 164, 0),
	(22, 165, 3),
	(22, 166, 0),
	(22, 167, 0),
	(22, 168, 0),
	(22, 169, 2),
	(22, 170, 0),
	(22, 171, 0),
	(22, 172, 0),
	(22, 173, 0),
	(22, 174, 0),
	(22, 175, 0),
	(22, 176, 0),
	(22, 177, 0),
	(22, 178, 0),
	(22, 179, 0),
	(22, 180, 2),
	(22, 181, 0),
	(22, 182, 0),
	(22, 183, 0),
	(22, 184, 0),
	(22, 185, 0),
	(22, 186, 0),
	(22, 187, 0),
	(22, 188, 0),
	(22, 189, 1),
	(22, 190, 0),
	(22, 191, 0),
	(22, 192, 0),
	(22, 193, 0),
	(22, 194, 0),
	(22, 195, 0),
	(22, 196, 0),
	(22, 197, 0),
	(22, 198, 0),
	(22, 199, 0),
	(22, 200, 0),
	(22, 201, 0),
	(22, 202, 0),
	(22, 203, 0),
	(22, 204, 0),
	(22, 205, 0),
	(22, 206, 0),
	(22, 207, 0),
	(22, 208, 0),
	(22, 209, 0),
	(22, 210, 0),
	(22, 211, 0),
	(22, 212, 0),
	(22, 213, 0),
	(22, 214, 0),
	(22, 215, 0),
	(22, 216, 0),
	(22, 217, 0),
	(22, 218, 0),
	(22, 219, 1),
	(22, 220, 0),
	(22, 221, 0),
	(22, 222, 0),
	(22, 223, 1),
	(22, 224, 0),
	(22, 225, 0),
	(22, 226, 0),
	(22, 227, 0),
	(22, 228, 0),
	(22, 229, 0),
	(22, 230, 0),
	(22, 231, 0),
	(22, 252, 9),
	(22, 254, 8),
	(23, 39, 4),
	(23, 41, 1),
	(23, 47, 0),
	(23, 78, 0),
	(23, 82, 0),
	(23, 85, 0),
	(23, 86, 0),
	(23, 91, 0),
	(23, 92, 0),
	(23, 93, 0),
	(33, 286, 0),
	(33, 287, 2),
	(33, 288, 0),
	(33, 289, 1),
	(33, 290, 7),
	(33, 291, 1),
	(33, 292, 0),
	(33, 293, 1),
	(33, 294, 0),
	(33, 295, 1),
	(33, 296, 0),
	(33, 297, 1),
	(33, 298, 3),
	(33, 299, 2),
	(33, 300, 0),
	(33, 301, 3),
	(33, 302, 2),
	(33, 303, 0),
	(33, 304, 7),
	(33, 305, 5),
	(33, 306, 3),
	(33, 307, 3),
	(33, 308, 2),
	(33, 309, 3),
	(33, 310, 0),
	(33, 311, 6),
	(33, 312, 3);

-- Listage de la structure de table mysql. b_joueur
DROP TABLE IF EXISTS `b_joueur`;
CREATE TABLE IF NOT EXISTS `b_joueur` (
  `IdJoueur` int NOT NULL AUTO_INCREMENT,
  `Mail` varchar(320) DEFAULT NULL,
  `MotDePasse` varchar(128) DEFAULT NULL,
  `Pseudo` varchar(30) DEFAULT NULL,
  `Description` varchar(400) DEFAULT NULL,
  `Logo` varchar(64) DEFAULT NULL,
  `DateCreationCompte` datetime DEFAULT NULL,
  `ProfilPublic` tinyint DEFAULT NULL,
  `DateDerniereConnexion` datetime DEFAULT NULL,
  PRIMARY KEY (`IdJoueur`),
  UNIQUE KEY `Mail` (`Mail`),
  UNIQUE KEY `Pseudo` (`Pseudo`)
) ENGINE=InnoDB AUTO_INCREMENT=34 DEFAULT CHARSET=utf8mb3;

-- Listage des données de la table mysql.b_joueur : ~11 rows (environ)
DELETE FROM `b_joueur`;
INSERT INTO `b_joueur` (`IdJoueur`, `Mail`, `MotDePasse`, `Pseudo`, `Description`, `Logo`, `DateCreationCompte`, `ProfilPublic`, `DateDerniereConnexion`) VALUES
	(1, 'bera@gmail.com', 'd4c11669cc2cbab33bc256c245cb9ae6e911cbf1c89ec6b20f2f68c4bcfd72cc', 'bera', '', NULL, '2023-01-18 23:25:19', 1, '2023-01-19 21:32:44'),
	(2, 'beraaaa@gmail.com', '3b27e5ec3328a37c535329bb5344babb7b4b87a4878e09b7f859dd5fd12d1177', 'beraaaa', 'beraaaa', NULL, '2023-01-19 13:24:52', 0, '2023-01-19 15:46:33'),
	(7, 'berachem.bidule@gmail.com', '6bea537bf3af29d246a24a0fcc159a2685ad045edf89709ae2b2b0bb49033d29', 'bidule', 'dsfds', NULL, '2023-01-20 17:38:58', 1, '2023-01-20 20:22:49'),
	(8, 'koda16.77@gmail.com', '9af15b336e6a9619928537df30b2e6a2376569fcf9d7e773eccede65606529a0', 'Lucas', 'Je suis un test', NULL, '2023-01-20 17:41:10', 1, '2023-06-01 17:53:15'),
	(9, 'berachem.machin@gmail.com', '17febc00139b9f8f44b95e704dc3cdf22619a0732ad4c1d0ebbcc81afb44c3fa', 'machin', 'dfds', NULL, '2023-01-20 18:34:11', 0, '2023-01-20 21:02:27'),
	(12, 'bogglefan@aol.fr', '017b93f406f4399a02d9b17fb178fac73b441eb42e4d8847f58295beedaa21de', 'Test2', '', NULL, '2023-01-20 23:02:50', 0, '2023-01-20 23:08:53'),
	(13, 'berachem.France93@gmail.com', 'db9d0a7090ad603e3d6d0fe98274e46d4a681d38583ec592624a76509331646a', 'France93@', 'France93@', NULL, '2023-01-20 23:03:01', 0, '2023-01-21 20:00:27'),
	(14, 'Markria93@gmail.com', '27309c00cfe69f7d2411af1906490f53195cef436f6bba86ceda2c3a94b5c77c', 'Markria93@', 'Markria93@', NULL, '2023-01-21 00:06:17', 1, '2023-04-30 14:51:25'),
	(22, 'lucas26.leveque@gmail.com', '9af15b336e6a9619928537df30b2e6a2376569fcf9d7e773eccede65606529a0', 'Lucas_', 'J\'adore le Boggle', NULL, '2023-01-21 16:29:52', 1, '2023-05-29 17:38:19'),
	(23, 'berachem.bot@gmail.com', '9af15b336e6a9619928537df30b2e6a2376569fcf9d7e773eccede65606529a0', 'Berachem93--', 'L\'île de la Cité au XVIIIe siècle, par de Nicolas Raguenet', NULL, '2023-01-21 17:41:20', 0, '2023-01-21 20:00:49'),
	(33, 'lucas.leveque@edu.univ-eiffel.fr', 'ec010e9c19387634eb8f3858374970daa449b2db8880f10da9ccd3e8b0bf8e0f', 'AAAA', 'aaaa', NULL, '2023-06-01 19:53:22', 1, '2023-06-01 19:53:51');

-- Listage de la structure de table mysql. b_message
DROP TABLE IF EXISTS `b_message`;
CREATE TABLE IF NOT EXISTS `b_message` (
  `IdMessage` int NOT NULL AUTO_INCREMENT,
  `Contenu` varchar(200) DEFAULT NULL,
  `DateMessage` datetime DEFAULT NULL,
  `IdPartie` int NOT NULL,
  `IdJoueur` int NOT NULL,
  PRIMARY KEY (`IdMessage`),
  KEY `IdPartie` (`IdPartie`),
  KEY `IdJoueur` (`IdJoueur`)
) ENGINE=InnoDB DEFAULT CHARSET=utf8mb3;

-- Listage des données de la table mysql.b_message : ~0 rows (environ)
DELETE FROM `b_message`;

-- Listage de la structure de table mysql. b_messageprive
DROP TABLE IF EXISTS `b_messageprive`;
CREATE TABLE IF NOT EXISTS `b_messageprive` (
  `IdMessagePrive` int NOT NULL AUTO_INCREMENT,
  `ContenuMessagePrive` varchar(200) DEFAULT NULL,
  `DateMessagePrive` date DEFAULT NULL,
  `IdJoueur` int NOT NULL,
  `IdJoueur_1` int NOT NULL,
  PRIMARY KEY (`IdMessagePrive`),
  KEY `IdJoueur` (`IdJoueur`),
  KEY `IdJoueur_1` (`IdJoueur_1`)
) ENGINE=InnoDB DEFAULT CHARSET=utf8mb3;

-- Listage des données de la table mysql.b_messageprive : ~0 rows (environ)
DELETE FROM `b_messageprive`;

-- Listage de la structure de table mysql. b_mot
DROP TABLE IF EXISTS `b_mot`;
CREATE TABLE IF NOT EXISTS `b_mot` (
  `Libelle` varchar(200) NOT NULL,
  PRIMARY KEY (`Libelle`)
) ENGINE=InnoDB DEFAULT CHARSET=utf8mb3;

-- Listage des données de la table mysql.b_mot : ~195 rows (environ)
DELETE FROM `b_mot`;
INSERT INTO `b_mot` (`Libelle`) VALUES
	('ALI'),
	('ALO'),
	('ANE'),
	('ARDE'),
	('ARDENT'),
	('AUBE'),
	('BAO'),
	('BAR'),
	('BARCA'),
	('BEAU'),
	('BEL'),
	('BIEL'),
	('BIERE'),
	('BISON'),
	('BOA'),
	('BOHAS'),
	('BRAS'),
	('BUNNY'),
	('CADEAC'),
	('CALON'),
	('CAR'),
	('CECI'),
	('CEDE'),
	('CEDER'),
	('CERF'),
	('CES'),
	('CET'),
	('CHAT'),
	('CHAU'),
	('CIR'),
	('CIRE'),
	('CITA'),
	('CITE'),
	('CLO'),
	('CONNU'),
	('COOI'),
	('CORDE'),
	('CORS'),
	('CRA'),
	('CRAS'),
	('CREME'),
	('CRI'),
	('D'),
	('DES'),
	('DETTE'),
	('DICO'),
	('DIRE'),
	('DIS'),
	('DON'),
	('DORS'),
	('DOS'),
	('ELUE'),
	('ENVIA'),
	('ERO'),
	('ERRON'),
	('ETE'),
	('FAN'),
	('FBI'),
	('FEE'),
	('GATE'),
	('GATEE'),
	('GIE'),
	('GISELE'),
	('GOA'),
	('GONY'),
	('GRAS'),
	('GRE'),
	('HAUT'),
	('INEE'),
	('ION'),
	('IRINE'),
	('IRONIE'),
	('J1'),
	('KOI'),
	('LAIT'),
	('LAOS'),
	('LAQUE'),
	('LAR'),
	('LARD'),
	('LARDS'),
	('LAX'),
	('LENA'),
	('LES'),
	('LET'),
	('LIEN'),
	('LILI'),
	('LINS'),
	('LIO'),
	('LIS'),
	('LIT'),
	('LOI'),
	('LOIRE'),
	('LORS'),
	('LOT'),
	('LUIR'),
	('LUNE'),
	('MAGE'),
	('MALTE'),
	('MANOT'),
	('MEAN'),
	('MENE'),
	('MENEE'),
	('MER'),
	('MET'),
	('MIE'),
	('MIRA'),
	('MOD'),
	('MOOC'),
	('MUSEE'),
	('NAIN'),
	('NEIGE'),
	('NEONES'),
	('NET'),
	('NIL'),
	('NOEL'),
	('NOIE'),
	('NOTRE'),
	('NUE'),
	('ODE'),
	('ODEN'),
	('OIE'),
	('OLE'),
	('ONE'),
	('ORE'),
	('ORIS'),
	('OSIER'),
	('OVNIS'),
	('PAS'),
	('PIC'),
	('PIE'),
	('PILE'),
	('PINS'),
	('POU'),
	('PRISE'),
	('PTE'),
	('PUIS'),
	('QDZSDQZSDZS'),
	('QSZD'),
	('QUE'),
	('QUOI'),
	('QZDQZDZQ'),
	('QZDSQSDZQ'),
	('QZDZQSD'),
	('RALE'),
	('RALES'),
	('RANG'),
	('RAQUE'),
	('RAS'),
	('RASA'),
	('RAT'),
	('REC'),
	('RECIT'),
	('REDIESE'),
	('REND'),
	('RENIE'),
	('REO'),
	('REPOS'),
	('REPU'),
	('RES'),
	('RESTE'),
	('RIEN'),
	('RIME'),
	('RIN'),
	('RIS'),
	('RITES'),
	('RIULA'),
	('ROC'),
	('ROIS'),
	('ROLES'),
	('ROLLER'),
	('RSD'),
	('RUA'),
	('RUE'),
	('RUESGA'),
	('RURAL'),
	('SA'),
	('SAIT'),
	('SARE'),
	('SAUNERA'),
	('SAURER'),
	('SAXA'),
	('SAXO'),
	('SEDE'),
	('SEINS'),
	('SEL'),
	('SENIS'),
	('SENISE'),
	('SERRE'),
	('SES'),
	('SID'),
	('SIE'),
	('SIL'),
	('SOI'),
	('SOIR'),
	('SOL'),
	('SOLUE'),
	('SOS'),
	('SOT'),
	('SPEEN'),
	('STEEVE'),
	('STERE'),
	('STOP'),
	('TAF'),
	('TAG'),
	('TAIS'),
	('TAMEE'),
	('TANE'),
	('TAQUE'),
	('TAQUER'),
	('TAROT'),
	('TAU'),
	('TAY'),
	('TCA'),
	('TDS'),
	('TEC'),
	('TEE'),
	('TEH'),
	('TEL'),
	('TELE'),
	('TENAIT'),
	('TEPUI'),
	('TER'),
	('TERRE'),
	('TERSEE'),
	('TES'),
	('TESTA'),
	('TESTANT'),
	('TET'),
	('TETA'),
	('TIE'),
	('TILTE'),
	('TINEL'),
	('TIR'),
	('TIRS'),
	('TISSA'),
	('TLS'),
	('TNT'),
	('TOLARD'),
	('TOP'),
	('TOSS'),
	('TOT'),
	('TOUL'),
	('TPI'),
	('TRE'),
	('TSE'),
	('TTA'),
	('TTL'),
	('TTR'),
	('TUE'),
	('TUEE'),
	('TUNA'),
	('TUPI'),
	('UNI'),
	('UNIR'),
	('UNIX'),
	('URD'),
	('UREE'),
	('USE'),
	('UTE'),
	('VAN'),
	('VET'),
	('VOIE'),
	('Z'),
	('ZAE'),
	('ZARA'),
	('ZD'),
	('ZDQ');

-- Listage de la structure de table mysql. b_partie
DROP TABLE IF EXISTS `b_partie`;
CREATE TABLE IF NOT EXISTS `b_partie` (
  `IdPartie` int NOT NULL AUTO_INCREMENT,
  `NomPartie` varchar(50) DEFAULT NULL,
  `LangueDico` char(3) DEFAULT NULL,
  `Grille` varchar(200) DEFAULT NULL,
  `DateDebutPartie` datetime DEFAULT NULL,
  `DateFinPartie` datetime DEFAULT NULL,
  `TailleGrille` int DEFAULT NULL,
  `NombreMotsPossibles` int DEFAULT NULL,
  `Mode` int DEFAULT NULL,
  `EstPublic` tinyint DEFAULT NULL,
  `NombreJoueursMax` int DEFAULT NULL,
  `IdChef` int NOT NULL,
  PRIMARY KEY (`IdPartie`),
  KEY `IdChef` (`IdChef`)
) ENGINE=InnoDB AUTO_INCREMENT=313 DEFAULT CHARSET=utf8mb3;

-- Listage des données de la table mysql.b_partie : ~247 rows (environ)
DELETE FROM `b_partie`;
INSERT INTO `b_partie` (`IdPartie`, `NomPartie`, `LangueDico`, `Grille`, `DateDebutPartie`, `DateFinPartie`, `TailleGrille`, `NombreMotsPossibles`, `Mode`, `EstPublic`, `NombreJoueursMax`, `IdChef`) VALUES
	(33, 'Salut', 'FRA', 'O A A E O O S I S F L A S Y A C', '2023-01-21 20:01:32', '2023-01-21 20:03:50', 4, 209, 0, 1, 1, 23),
	(34, 'Partie Solo de Lucas', 'FRA', 'A P N N A R A A I N A A S C A I', '2023-01-21 20:01:34', '2023-01-21 20:03:48', 4, 344, 0, 1, 1, 22),
	(35, 'Partie contre Berachem', 'FRA', 'L S O O E R I I E E N U S I E I', '2023-01-21 20:05:01', '2023-01-21 20:07:32', 4, 393, 0, 1, 2, 22),
	(36, 'TestRecherche1', 'FRA', 'A V N X', NULL, NULL, 2, NULL, 0, 1, 1, 22),
	(37, 'FRA2023-05-07 00:46:52', 'FRA', 'R N C O QU R I N R O M E E S O S', '2023-05-07 00:46:52', '2023-05-07 00:46:55', 4, 216, 1, 1, 1, -1),
	(38, 'FRA2023-05-07 00:47:56', 'FRA', 'I S N I S I E Y E E E E E E E E', '2023-05-07 00:47:56', '2023-05-07 00:49:56', 4, 82, 0, 1, 2, -1),
	(39, 'FRA2023-05-07 00:53:16', 'FRA', 'C R B A A B D S L T Y N O T R I', '2023-05-07 00:53:16', '2023-05-07 00:54:16', 4, 295, 0, 1, 2, -1),
	(40, 'FRA2023-05-15 21:26:37', 'FRA', 'H L R Y F N C N U S S O T C B C', '2023-05-15 21:26:37', '2023-05-15 21:26:42', 4, 86, 1, 1, 1, -1),
	(41, 'FRA2023-05-15 21:27:32', 'FRA', 'E L A N A F N L P R E O C I D L', '2023-05-15 21:27:32', '2023-05-15 21:28:02', 4, 406, 2, 1, 3, -1),
	(42, 'FRA2023-05-15 21:57:37', 'FRA', 'A A A A A C D A M M A W A L A R', '2023-05-15 21:57:37', '2023-05-15 21:57:42', 4, 82, 1, 1, 1, -1),
	(43, 'FRA2023-05-15 21:57:32', 'FRA', 'O R R R R N T S E E L D O O R V', '2023-05-15 21:57:32', '2023-05-15 21:58:32', 4, 253, 0, 1, 2, -1),
	(44, 'FRA2023-05-15 21:59:49', 'FRA', 'U O N R I U R P P I I N U L E I', '2023-05-15 21:59:49', '2023-05-15 22:00:19', 4, 115, 2, 1, 3, -1),
	(45, 'FRA2023-05-16 21:35:42', 'FRA', 'T E L R E N A E E L S E A X A T', '2023-05-16 21:35:42', '2023-05-16 21:35:47', 4, 237, 1, 1, 1, -1),
	(46, 'FRA2023-05-16 21:45:34', 'FRA', 'U D R R G S E N S U N R N R R V', '2023-05-16 21:45:34', '2023-05-16 21:46:04', 4, 141, 2, 1, 3, -1),
	(47, 'FRA2023-05-16 22:08:06', 'FRA', 'A L I H A A A P O A U E A D P U', '2023-05-16 22:08:06', '2023-05-16 22:08:36', 4, 98, 2, 1, 3, -1),
	(48, 'Partie solo : 16/05/2023 - 22h56', 'FRA', 'E G L E E E D S E T S E S I U O', '2023-05-16 22:56:08', '2023-05-16 22:56:13', 4, 199, 1, 1, 1, -1),
	(49, 'Partie solo : 17/05/2023 - 12h23', 'FRA', 'I N I N A I I B L I R I E I I I', '2023-05-17 12:23:21', '2023-05-17 12:23:26', 4, 116, 1, 1, 1, -1),
	(50, 'Partie solo : 17/05/2023 - 12h23', 'FRA', 'I A I R T S I A N A N A N P N E', '2023-05-17 12:23:34', '2023-05-17 12:23:39', 4, 331, 1, 1, 1, -1),
	(51, 'Partie default : 17/05/2023 - 12h25', 'FRA', 'N U A U A S U S C E C R S S A E', '2023-05-17 12:25:43', '2023-05-17 12:26:43', 4, 196, 0, 1, 2, -1),
	(52, 'Partie solo : 17/05/2023 - 12h32', 'FRA', 'E E O S S E R L S S S E O M E R', '2023-05-17 12:32:33', '2023-05-17 12:32:38', 4, 144, 1, 1, 1, -1),
	(53, 'Partie default : 17/05/2023 - 12h36', 'FRA', 'A L A B O A O A O S A A I L A I', '2023-05-17 12:36:52', '2023-05-17 12:36:58', 4, 161, 0, 1, 2, -1),
	(54, 'Partie default : 17/05/2023 - 12h41', 'FRA', 'E U R S R R E R S R S R R N S E', '2023-05-17 12:41:33', '2023-05-17 12:42:32', 4, 49, 0, 1, 2, -1),
	(55, 'Partie solo : 17/05/2023 - 12h42', 'FRA', 'M U L E E E M R E S E E E S A E', '2023-05-17 12:42:47', '2023-05-17 12:42:52', 4, 198, 1, 1, 1, -1),
	(56, 'Partie solo : 17/05/2023 - 12h42', 'FRA', 'N G I G S R S V N L Y R N N S I', '2023-05-17 12:42:49', '2023-05-17 12:42:54', 4, 34, 1, 1, 1, -1),
	(57, 'Partie solo : 17/05/2023 - 12h43', 'FRA', 'E I I I M I I N I R A I T M O O', '2023-05-17 12:43:23', '2023-05-17 12:43:28', 4, 166, 1, 1, 1, -1),
	(58, 'Partie solo : 17/05/2023 - 12h43', 'FRA', 'S S O N O R N O S R I S N R R N', '2023-05-17 12:43:26', '2023-05-17 12:43:31', 4, 75, 1, 1, 1, -1),
	(59, 'Partie solo : 17/05/2023 - 12h45', 'FRA', 'S A S A S A R S S I S I R L E O', '2023-05-17 12:45:05', '2023-05-17 12:45:10', 4, 244, 1, 1, 1, -1),
	(60, 'Partie solo : 17/05/2023 - 12h45', 'FRA', 'R E B D O R S U N O S F O S R T', '2023-05-17 12:45:11', '2023-05-17 12:45:16', 4, 225, 1, 1, 1, -1),
	(61, 'Partie solo : 17/05/2023 - 13h58', 'FRA', 'E D N T O R B O R O D N I V S R', '2023-05-17 13:58:32', '2023-05-17 13:58:37', 4, 251, 1, 1, 1, -1),
	(62, 'Partie default : 18/05/2023 - 13h39', 'FRA', 'E S S E A S S T S E E S U E S N', '2023-05-18 13:39:07', '2023-05-18 13:40:07', 4, 147, 0, 1, 2, -1),
	(63, 'Partie default : 18/05/2023 - 13h40', 'FRA', 'C A N P C C P A P E S S E R E E', '2023-05-18 13:40:37', '2023-05-18 13:41:24', 4, 285, 0, 1, 2, -1),
	(64, 'Partie default : 18/05/2023 - 13h41', 'FRA', 'U A T E H I D E L U D U N E C L', '2023-05-18 13:41:33', '2023-05-18 13:42:33', 4, 245, 0, 1, 2, -1),
	(65, 'Partie default : 18/05/2023 - 13h43', 'FRA', 'E E E E N E U N M I M O R O E R', '2023-05-18 13:43:46', '2023-05-18 13:44:26', 4, 200, 0, 1, 2, -1),
	(66, 'Partie default : 18/05/2023 - 13h44', 'FRA', 'E R E R G R A T C C S E E R E A', '2023-05-18 13:44:33', '2023-05-18 13:44:46', 4, 240, 0, 1, 2, -1),
	(67, 'Partie default : 18/05/2023 - 13h45', 'FRA', 'G A L A L T C E N A C N E O N E', '2023-05-18 13:45:07', '2023-05-18 13:46:07', 4, 335, 0, 1, 2, -1),
	(68, 'Partie default : 18/05/2023 - 13h47', 'FRA', 'E O E A N E N I H E E U A I O QU', '2023-05-18 13:47:35', '2023-05-18 13:48:35', 4, 95, 0, 1, 2, -1),
	(69, 'Partie default : 18/05/2023 - 13h53', 'FRA', 'I E A N A I A T I E O A T I I I', '2023-05-18 13:53:51', '2023-05-18 13:54:14', 4, 107, 0, 1, 2, -1),
	(70, 'Partie default : 18/05/2023 - 13h54', 'FRA', 'I Z R R S R S G R Z A S T U I D', '2023-05-18 13:54:44', '2023-05-18 13:55:20', 4, 100, 0, 1, 2, -1),
	(71, 'Partie default : 18/05/2023 - 13h56', 'FRA', 'N E E E S R L L S U I E O D S S', '2023-05-18 13:56:09', '2023-05-18 13:57:09', 4, 414, 0, 1, 2, -1),
	(72, 'Partie default : 18/05/2023 - 14h10', 'FRA', 'I E R T T N E B S R QU N S O E QU', '2023-05-18 14:10:31', '2023-05-18 14:11:31', 4, 254, 0, 1, 2, -1),
	(73, 'Partie default : 18/05/2023 - 15h59', 'FRA', 'B I S O A A A N A A A A A A A A', '2023-05-18 15:59:11', '2023-05-18 16:00:11', 4, 89, 0, 1, 2, -1),
	(74, 'Partie default : 18/05/2023 - 16h00', 'FRA', 'B I S O A N E N C E R F A A A A', '2023-05-18 16:00:29', '2023-05-18 16:01:29', 4, 535, 0, 1, 2, -1),
	(75, 'Partie default : 18/05/2023 - 16h03', 'FRA', 'B I S O A N E N C E R F A A A A', '2023-05-18 16:03:19', '2023-05-18 16:04:19', 4, 535, 0, 1, 2, -1),
	(76, 'Partie default : 18/05/2023 - 16h04', 'FRA', 'B I S O A N E N C E R F A A A A', '2023-05-18 16:04:42', '2023-05-18 16:05:42', 4, 535, 0, 1, 2, -1),
	(77, 'Partie default : 18/05/2023 - 16h43', 'FRA', 'E E E S E T E E E D A A T N R C', '2023-05-18 16:43:09', '2023-05-18 16:44:09', 4, 211, 0, 1, 2, -1),
	(78, 'Partie 4 : 18/05/2023 - 20h47', 'FRA', 'A E A A A I J E H V E O G A I E', '2023-05-18 20:47:16', '2023-05-18 20:47:46', 4, 72, 2, 1, 3, -1),
	(79, 'Partie default : 18/05/2023 - 21h02', 'FRA', 'E E E E L F R E E I S E B L E L', '2023-05-18 21:02:49', '2023-05-18 21:03:49', 4, 235, 0, 1, 2, -1),
	(80, 'Partie solo : 18/05/2023 - 21h04', 'FRA', 'M R E O R L I R R A T I R T R O', '2023-05-18 21:04:44', '2023-05-18 21:04:49', 4, 204, 1, 1, 1, -1),
	(81, 'Partie solo : 19/05/2023 - 13h30', 'FRA', 'S I R I N A H R E I R F R E R R', '2023-05-19 13:30:02', '2023-05-19 13:30:02', 4, 398, 1, 1, 1, -1),
	(82, 'Partie 4 : 19/05/2023 - 13h39', 'FRA', 'D Z A S B A R I M E R E S D T H', '2023-05-19 13:39:23', '2023-05-19 13:39:48', 4, 481, 2, 1, 3, -1),
	(83, 'Partie default : 19/05/2023 - 13h41', 'FRA', 'M E L B I S L I R S X I O I M I', '2023-05-19 13:41:37', '2023-05-19 13:42:37', 4, 191, 0, 1, 2, -1),
	(84, 'Partie solo : 19/05/2023 - 15h08', 'FRA', 'S S S D M S S N L R P L H N O E', '2023-05-19 15:08:54', '2023-05-19 15:08:59', 4, 52, 1, 1, 1, -1),
	(85, 'Partie 4 : 19/05/2023 - 15h08', 'FRA', 'E R E S E R E I O I R E E E Z T', '2023-05-19 15:08:36', '2023-05-19 15:09:06', 4, 167, 2, 1, 3, -1),
	(86, 'Partie 4 : 19/05/2023 - 15h11', 'FRA', 'O S R S S S R Z R K T T U S H O', '2023-05-19 15:11:07', '2023-05-19 15:13:07', 4, 47, 2, 1, 3, -1),
	(87, 'Partie default : 19/05/2023 - 15h50', 'FRA', 'E N E Z R E M E E R E E G R Z A', '2023-05-19 15:50:56', '2023-05-19 15:51:56', 4, 163, 0, 1, 2, -1),
	(88, 'Partie default : 19/05/2023 - 15h57', 'FRA', 'T T I A R I U S U T U L R T T R', '2023-05-19 15:57:01', '2023-05-19 15:58:01', 4, 134, 0, 1, 2, -1),
	(89, 'Partie solo : 19/05/2023 - 16h02', 'FRA', 'I M R I V O I M N S V L I E R R', '2023-05-19 16:02:00', '2023-05-19 16:02:05', 4, 376, 1, 1, 1, -1),
	(90, 'Partie solo : 19/05/2023 - 16h02', 'FRA', 'X T I N N O E T L T T C I O P A', '2023-05-19 16:02:12', '2023-05-19 16:02:13', 4, 129, 1, 1, 1, -1),
	(91, 'Partie Aigle : 19/05/2023 - 19h31', 'FRA', 'S E O N S S S T I S E M C M E E', '2023-05-19 19:31:44', '2023-05-19 19:33:28', 4, 208, 1, 1, 3, -1),
	(92, 'Partie Aigle : 19/05/2023 - 19h33', 'FRA', 'L C I O I D R R E B O S B S I D', '2023-05-19 19:33:48', '2023-05-19 19:34:59', 4, 385, 1, 1, 3, -1),
	(93, 'Partie Aigle : 19/05/2023 - 19h35', 'FRA', 'E N B T P E B A B E E E E E E E', '2023-05-19 19:35:13', '2023-05-19 19:36:23', 4, 83, 1, 1, 3, -1),
	(94, 'Partie Aigle : 19/05/2023 - 19h36', 'FRA', 'E H G G M L E R E R L E C E M E', '2023-05-19 19:36:31', '2023-05-19 19:38:46', 4, 172, 1, 1, 2, -1),
	(95, 'Partie Aigle : 19/05/2023 - 19h38', 'FRA', 'E E E E L G T G E A E E E E E L', '2023-05-19 19:38:53', '2023-05-19 19:40:54', 4, 93, 1, 1, 2, -1),
	(96, 'Partie Aigle : 19/05/2023 - 19h41', 'FRA', 'S S D S S H H O I A R S P E U S', '2023-05-19 19:41:01', '2023-05-19 19:41:18', 4, 296, 1, 1, 2, -1),
	(97, 'Partie Aigle : 19/05/2023 - 20h05', 'FRA', 'O I A O I E E N O O N S E E I O', '2023-05-19 20:05:36', '2023-05-19 20:07:11', 4, 83, 1, 1, 2, -1),
	(98, 'Partie Aigle : 19/05/2023 - 20h07', 'FRA', 'I I E N I R N N T N N R I N N I', '2023-05-19 20:07:38', '2023-05-19 20:08:19', 4, 50, 1, 1, 2, -1),
	(99, 'Partie Aigle : 19/05/2023 - 20h08', 'FRA', 'E N E E C I C C P E X G E T E T', '2023-05-19 20:08:26', '2023-05-19 20:09:14', 4, 140, 1, 1, 2, -1),
	(100, 'Partie Aigle : 19/05/2023 - 20h09', 'FRA', 'E I G M S L M E E T T M T I T E', '2023-05-19 20:09:21', '2023-05-19 20:09:41', 4, 263, 1, 1, 2, -1),
	(101, 'Partie Aigle : 19/05/2023 - 20h10', 'FRA', 'O N D S M S L M L N T T I S E T', '2023-05-19 20:10:01', '2023-05-19 20:12:35', 4, 143, 1, 1, 2, -1),
	(102, 'Partie Aigle : 19/05/2023 - 20h13', 'FRA', 'T S T T I E E I E D T I M E E I', '2023-05-19 20:13:04', '2023-05-19 20:14:04', 4, 196, 1, 1, 2, -1),
	(103, 'Partie Aigle : 19/05/2023 - 20h14', 'FRA', 'R E O I C E R E R E E E E E E C', '2023-05-19 20:14:27', '2023-05-19 20:14:56', 4, 69, 1, 1, 2, -1),
	(104, 'Partie Aigle : 19/05/2023 - 20h15', 'FRA', 'N O T T I T A S R J E R U R O T', '2023-05-19 20:15:30', '2023-05-19 20:17:47', 4, 261, 1, 1, 2, -1),
	(105, 'Partie default : 19/05/2023 - 20h17', 'FRA', 'C A C E C D A L E E A R G E L E', '2023-05-19 20:17:56', '2023-05-19 20:18:56', 4, 185, 0, 1, 2, -1),
	(106, 'Partie Aigle : 19/05/2023 - 20h19', 'FRA', 'O I R A S R D B S R R E R S R E', '2023-05-19 20:19:50', '2023-05-19 20:20:46', 4, 159, 1, 1, 2, -1),
	(107, 'Partie Aigle : 19/05/2023 - 21h20', 'FRA', 'E E T E E A O A E O E N E M D R', '2023-05-19 21:20:33', '2023-05-19 21:20:51', 4, 69, 1, 1, 2, -1),
	(108, 'Partie Aigle : 19/05/2023 - 21h22', 'FRA', 'E L T A H T P H O B E S A S H R', '2023-05-19 21:22:30', '2023-05-19 21:23:26', 4, 190, 1, 1, 2, -1),
	(109, 'Partie default : 19/05/2023 - 21h23', 'FRA', 'V U U A A A R V P T L G T I T S', '2023-05-19 21:23:47', '2023-05-19 21:24:26', 4, 147, 0, 1, 2, -1),
	(110, 'Partie Aigle : 19/05/2023 - 21h24', 'FRA', 'E E S E E E E O E U A O L T E T', '2023-05-19 21:24:48', '2023-05-19 21:25:24', 4, 87, 1, 1, 2, -1),
	(111, 'Partie Aigle : 19/05/2023 - 21h25', 'FRA', 'I I E A O L E E E E L E L E H E', '2023-05-19 21:25:53', '2023-05-19 21:26:48', 4, 81, 1, 1, 2, -1),
	(112, 'Partie Aigle : 19/05/2023 - 21h27', 'FRA', 'N A E A E A S H C I A O E E T E', '2023-05-19 21:27:02', '2023-05-19 21:28:25', 4, 258, 1, 1, 2, -1),
	(113, 'Partie Aigle : 19/05/2023 - 21h30', 'FRA', 'O F O A M E E R E A E A R L QU W', '2023-05-19 21:30:44', '2023-05-19 21:30:52', 4, 234, 1, 1, 2, -1),
	(114, 'Partie Aigle : 19/05/2023 - 21h34', 'FRA', 'S O V L O H R N S R N R H S S N', '2023-05-19 21:34:01', '2023-05-19 21:34:14', 4, 81, 1, 1, 2, -1),
	(115, 'Partie Aigle : 19/05/2023 - 21h36', 'FRA', 'E A E E E I I E E E T I I E E E', '2023-05-19 21:36:16', '2023-05-19 21:36:56', 4, 17, 1, 1, 2, -1),
	(116, 'Partie Aigle : 19/05/2023 - 21h37', 'FRA', 'E U I I U I D N W E L I R E E U', '2023-05-19 21:37:30', '2023-05-19 21:37:42', 4, 122, 1, 1, 2, -1),
	(117, 'Partie Aigle : 19/05/2023 - 21h42', 'FRA', 'R R R I U A L S L A R S A S R C', '2023-05-19 21:42:50', '2023-05-19 21:43:30', 4, 198, 1, 1, 2, -1),
	(118, 'Partie Aigle : 19/05/2023 - 21h44', 'FRA', 'A I I B E I A C C O C T E A I R', '2023-05-19 21:44:00', '2023-05-19 21:45:09', 4, 92, 1, 1, 2, -1),
	(119, 'Partie Aigle : 19/05/2023 - 21h45', 'FRA', 'A A X P N C E U S N O T T O A O', '2023-05-19 21:45:22', '2023-05-19 21:46:16', 4, 246, 1, 1, 2, -1),
	(120, 'Partie Aigle : 19/05/2023 - 21h48', 'FRA', 'E A O E N I S A E E I R E A I I', '2023-05-19 21:48:08', '2023-05-19 21:49:28', 4, 243, 1, 1, 2, -1),
	(121, 'Partie Aigle : 19/05/2023 - 21h49', 'FRA', 'E E T Y A E A C A O O B A O E V', '2023-05-19 21:49:45', '2023-05-19 21:51:10', 4, 43, 1, 1, 2, -1),
	(122, 'Partie Aigle : 19/05/2023 - 21h51', 'FRA', 'S L A R Z R N P Z A L A L P R O', '2023-05-19 21:51:24', '2023-05-19 21:51:58', 4, 79, 1, 1, 2, -1),
	(123, 'Partie Aigle : 19/05/2023 - 21h52', 'FRA', 'N I E U R F F N D N A B R L M R', '2023-05-19 21:52:56', '2023-05-19 21:55:08', 4, 85, 1, 1, 2, -1),
	(124, 'Partie Aigle : 19/05/2023 - 21h55', 'FRA', 'E L S A E S E U S A M M S E D S', '2023-05-19 21:55:18', '2023-05-19 21:55:45', 4, 308, 1, 1, 2, -1),
	(125, 'Partie Aigle : 19/05/2023 - 21h55', 'FRA', 'E T S E N E S E E T A S A S R L', '2023-05-19 21:55:53', '2023-05-19 21:56:55', 4, 312, 1, 1, 2, -1),
	(126, 'Partie Aigle : 19/05/2023 - 21h57', 'FRA', 'I I D R E O I I I F H I D D D E', '2023-05-19 21:57:03', '2023-05-19 21:57:33', 4, 51, 1, 1, 2, -1),
	(127, 'Partie Aigle : 19/05/2023 - 21h57', 'FRA', 'I R C M I S R K R T P R N P R I', '2023-05-19 21:57:40', '2023-05-19 21:58:59', 4, 93, 1, 1, 2, -1),
	(128, 'Partie Aigle : 19/05/2023 - 22h00', 'FRA', 'S E O E E R L E E E E N O D A S', '2023-05-19 22:00:15', '2023-05-19 22:01:20', 4, 192, 1, 1, 2, -1),
	(129, 'Partie Aigle : 19/05/2023 - 22h01', 'FRA', 'I M F E L T E T L A E L E O G E', '2023-05-19 22:01:27', '2023-05-19 22:03:27', 4, 262, 1, 1, 2, -1),
	(130, 'Partie Aigle : 19/05/2023 - 22h03', 'FRA', 'N N G N Y I O I U A E U I B I U', '2023-05-19 22:03:37', '2023-05-19 22:05:05', 4, 106, 1, 1, 2, -1),
	(131, 'Partie solo : 19/05/2023 - 22h11', 'FRA', 'P P E A I N I N T S V T I T M R', '2023-05-19 22:11:55', '2023-05-19 22:12:00', 4, 261, 0, 1, 1, -1),
	(132, 'Partie Aigle : 19/05/2023 - 22h12', 'FRA', 'C N S O R M A U T S A S A S O B', '2023-05-19 22:12:09', '2023-05-19 22:12:15', 4, 332, 1, 1, 2, -1),
	(133, 'Partie solo : 19/05/2023 - 22h52', 'FRA', 'M C Z E C Z S N T O E V A T C A', '2023-05-19 22:52:20', '2023-05-19 22:52:25', 4, 207, 0, 1, 1, -1),
	(134, 'Partie solo : 20/05/2023 - 21h28', 'FRA', 'L H E U V A I I U T A S D I I S', '2023-05-20 21:28:44', '2023-05-20 21:28:49', 4, 164, 0, 1, 1, -1),
	(135, 'Partie Aigle : 21/05/2023 - 14h54', 'FRA', 'I E P Z O L E R E E E E N O I E', '2023-05-21 14:54:13', '2023-05-21 14:58:13', 4, 196, 1, 1, 2, -1),
	(136, 'Partie solo : 21/05/2023 - 15h18', 'FRA', 'I N U N I N U S Z N I N I I T R', '2023-05-21 15:18:46', '2023-05-21 15:18:51', 4, 31, 0, 1, 1, -1),
	(137, 'Partie solo : 21/05/2023 - 15h20', 'FRA', 'T L E R E S E U S P C A C P H I', '2023-05-21 15:20:37', '2023-05-21 15:20:42', 4, 408, 0, 1, 1, -1),
	(138, 'Partie solo : 21/05/2023 - 15h21', 'FRA', 'L S O C A A E E A A F A E O O A', '2023-05-21 15:21:00', '2023-05-21 15:21:05', 4, 114, 0, 1, 1, -1),
	(139, 'Partie default : 21/05/2023 - 16h50', 'FRA', 'Y O QU N R N N S I I E I N L P I', '2023-05-21 16:50:29', '2023-05-21 16:51:29', 4, 171, 0, 1, 2, -1),
	(140, 'Partie default : 21/05/2023 - 16h51', 'FRA', 'S E QU L I D R N H I N I A D O R', '2023-05-21 16:51:58', '2023-05-21 16:52:33', 4, 282, 0, 1, 2, -1),
	(141, 'Partie default : 21/05/2023 - 16h53', 'FRA', 'S E I N I I A I I N V I S J O M', '2023-05-21 16:53:03', '2023-05-21 16:53:37', 4, 126, 0, 1, 2, -1),
	(142, 'Partie Aigle : 21/05/2023 - 16h54', 'FRA', 'M O E A C T H I N I C T I O E R', '2023-05-21 16:54:21', '2023-05-21 16:55:14', 4, 312, 1, 1, 2, -1),
	(143, 'Partie Aigle : 21/05/2023 - 16h55', 'FRA', 'R I E G E E I P I G I E N A U E', '2023-05-21 16:55:22', '2023-05-21 16:56:56', 4, 282, 1, 1, 2, -1),
	(144, 'Partie Aigle : 21/05/2023 - 16h59', 'FRA', 'O R N R A I Y I M I I C S S S R', '2023-05-21 16:59:30', '2023-05-21 17:00:11', 4, 152, 1, 1, 2, -1),
	(145, 'Partie Aigle : 21/05/2023 - 17h00', 'FRA', 'E I N I N E H I A I R N N I A S', '2023-05-21 17:00:18', '2023-05-21 17:00:36', 4, 156, 1, 1, 2, -1),
	(146, 'Partie Aigle : 21/05/2023 - 17h00', 'FRA', 'E T E E E E R E N E E E E E T L', '2023-05-21 17:00:42', '2023-05-21 17:01:19', 4, 29, 1, 1, 2, -1),
	(147, 'Partie Aigle : 21/05/2023 - 17h01', 'FRA', 'N I S L B D S T S L E T N M D T', '2023-05-21 17:01:36', '2023-05-21 17:01:59', 4, 143, 1, 1, 2, -1),
	(148, 'Partie Aigle : 21/05/2023 - 17h02', 'FRA', 'B S F A N A N A A N A N E S N A', '2023-05-21 17:02:09', '2023-05-21 17:02:59', 4, 127, 1, 1, 2, -1),
	(149, 'Partie Aigle : 21/05/2023 - 17h03', 'FRA', 'L O I E I A S O E A O U O E E I', '2023-05-21 17:03:04', '2023-05-21 17:04:38', 4, 155, 1, 1, 2, -1),
	(150, 'Partie Aigle : 21/05/2023 - 17h05', 'FRA', 'D N L N S E N B E I T E E S E N', '2023-05-21 17:05:05', '2023-05-21 17:09:05', 4, 301, 1, 1, 2, -1),
	(151, 'Partie Aigle : 21/05/2023 - 17h10', 'FRA', 'O A I S S S S A B O S C A E S N', '2023-05-21 17:10:40', '2023-05-21 17:10:56', 4, 214, 1, 1, 2, -1),
	(152, 'Partie Aigle : 21/05/2023 - 17h11', 'FRA', 'E R M U E I E E E R M E V U N I', '2023-05-21 17:11:34', '2023-05-21 17:12:03', 4, 132, 1, 1, 2, -1),
	(153, 'Partie Aigle : 21/05/2023 - 17h12', 'FRA', 'R F T I A T N A V A O C M E A U', '2023-05-21 17:12:20', '2023-05-21 17:16:09', 4, 257, 1, 1, 2, -1),
	(154, 'Partie Aigle : 21/05/2023 - 17h17', 'FRA', 'S R M P R D T P O M E P M E T K', '2023-05-21 17:17:38', '2023-05-21 17:18:11', 4, 163, 1, 1, 2, -1),
	(155, 'Partie Aigle : 21/05/2023 - 17h18', 'FRA', 'O C I S E I E E O D I I A O N T', '2023-05-21 17:18:33', '2023-05-21 17:19:29', 4, 195, 1, 1, 2, -1),
	(156, 'Partie Aigle : 21/05/2023 - 17h24', 'FRA', 'E E E O L M N O L E D N E O E E', '2023-05-21 17:24:06', '2023-05-21 17:24:36', 4, 161, 1, 1, 2, -1),
	(157, 'Partie Aigle : 21/05/2023 - 17h26', 'FRA', 'S A O A F A T A H A N O E E N A', '2023-05-21 17:26:56', '2023-05-21 17:27:29', 4, 148, 1, 1, 2, -1),
	(158, 'Partie Aigle : 21/05/2023 - 17h27', 'FRA', 'D C R F A C X I T Y R T T I Y E', '2023-05-21 17:27:36', '2023-05-21 17:28:26', 4, 85, 1, 1, 2, -1),
	(159, 'Partie Aigle : 21/05/2023 - 17h29', 'FRA', 'E I G S O O E E L E H H B U R W', '2023-05-21 17:29:10', '2023-05-21 17:29:54', 4, 212, 1, 1, 2, -1),
	(160, 'Partie Aigle : 21/05/2023 - 17h30', 'FRA', 'E L L A L R S O R U R O R A R C', '2023-05-21 17:30:01', '2023-05-21 17:31:07', 4, 143, 1, 1, 2, -1),
	(161, 'Partie Aigle : 21/05/2023 - 17h32', 'FRA', 'M S O D P N O E N S N E S K L O', '2023-05-21 17:32:36', '2023-05-21 17:33:10', 4, 132, 1, 1, 2, -1),
	(162, 'Partie Aigle : 21/05/2023 - 17h33', 'FRA', 'S A A F S A S A O A S M S T C O', '2023-05-21 17:33:20', '2023-05-21 17:34:04', 4, 158, 1, 1, 2, -1),
	(163, 'Partie Aigle : 21/05/2023 - 17h34', 'FRA', 'T N M L I T M S R L S S H I S L', '2023-05-21 17:34:55', '2023-05-21 17:35:44', 4, 104, 1, 1, 2, -1),
	(164, 'Partie Aigle : 21/05/2023 - 17h35', 'FRA', 'R E I E E T E N I E E D F L E D', '2023-05-21 17:35:52', '2023-05-21 17:36:08', 4, 224, 1, 1, 2, -1),
	(165, 'Partie Aigle : 21/05/2023 - 17h36', 'FRA', 'N T E R I U S C C N T T T R A E', '2023-05-21 17:36:13', '2023-05-21 17:39:08', 4, 254, 1, 1, 2, -1),
	(166, 'Partie Aigle : 21/05/2023 - 17h39', 'FRA', 'J I P T T E N T N S N K N C E O', '2023-05-21 17:39:16', '2023-05-21 17:41:19', 4, 182, 1, 1, 2, -1),
	(167, 'Partie Aigle : 21/05/2023 - 17h41', 'FRA', 'N E E S E E O E E E I I E G E T', '2023-05-21 17:41:28', '2023-05-21 17:41:58', 4, 50, 1, 1, 2, -1),
	(168, 'Partie Aigle : 21/05/2023 - 17h42', 'FRA', 'E I S P I I S E S R I I M S C E', '2023-05-21 17:42:46', '2023-05-21 17:43:15', 4, 145, 1, 1, 2, -1),
	(169, 'Partie Aigle : 21/05/2023 - 17h44', 'FRA', 'E G E R S T E E E E E I E E V T', '2023-05-21 17:44:05', '2023-05-21 17:45:13', 4, 87, 1, 1, 2, -1),
	(170, 'Partie Aigle : 21/05/2023 - 17h45', 'FRA', 'L E E I O U Z T E E E E E L A U', '2023-05-21 17:45:20', '2023-05-21 17:46:27', 4, 162, 1, 1, 2, -1),
	(171, 'Partie Aigle : 21/05/2023 - 17h49', 'FRA', 'A I N T R R N A R N A T O R R O', '2023-05-21 17:49:16', '2023-05-21 17:50:29', 4, 194, 1, 1, 2, -1),
	(172, 'Partie Aigle : 21/05/2023 - 17h50', 'FRA', 'T F T Z K R T G S K E M A A R S', '2023-05-21 17:50:36', '2023-05-21 17:50:55', 4, 95, 1, 1, 2, -1),
	(173, 'Partie Aigle : 21/05/2023 - 17h51', 'FRA', 'C A O U R C S M A C Z E B A U I', '2023-05-21 17:51:01', '2023-05-21 17:52:35', 4, 257, 1, 1, 2, -1),
	(174, 'Partie Aigle : 21/05/2023 - 17h52', 'FRA', 'S S E S L S C E G S B T N S S S', '2023-05-21 17:52:41', '2023-05-21 17:54:50', 4, 61, 1, 1, 2, -1),
	(175, 'Partie Aigle : 21/05/2023 - 17h55', 'FRA', 'O A E A M N O O E U E C D O J N', '2023-05-21 17:55:28', '2023-05-21 17:56:14', 4, 228, 1, 1, 2, -1),
	(176, 'Partie Aigle : 21/05/2023 - 17h56', 'FRA', 'B R I T I R I E L N R E E I I I', '2023-05-21 17:56:22', '2023-05-21 17:56:37', 4, 123, 1, 1, 2, -1),
	(177, 'Partie Aigle : 21/05/2023 - 17h56', 'FRA', 'I G O I B P C S I I E O E Y P N', '2023-05-21 17:56:43', '2023-05-21 17:57:34', 4, 130, 1, 1, 2, -1),
	(178, 'Partie Aigle : 21/05/2023 - 17h58', 'FRA', 'A A E E M N M P QU E L U M C QU R', '2023-05-21 17:58:36', '2023-05-21 17:58:51', 4, 98, 1, 1, 2, -1),
	(179, 'Partie Aigle : 21/05/2023 - 17h58', 'FRA', 'O E M I E I U E E E E L T E I E', '2023-05-21 17:58:59', '2023-05-21 18:00:33', 4, 45, 1, 1, 2, -1),
	(180, 'Partie Aigle : 21/05/2023 - 18h00', 'FRA', 'A R QU G A A E F A T A E E G E A', '2023-05-21 18:00:46', '2023-05-21 18:01:09', 4, 149, 1, 1, 2, -1),
	(181, 'Partie Aigle : 21/05/2023 - 18h01', 'FRA', 'N U I D A Z A I A A A A N A O A', '2023-05-21 18:01:17', '2023-05-21 18:05:17', 4, 82, 1, 1, 2, -1),
	(182, 'Partie Aigle : 21/05/2023 - 18h07', 'FRA', 'I S S A I S A S E P I L T A U S', '2023-05-21 18:07:45', '2023-05-21 18:08:22', 4, 440, 1, 1, 2, -1),
	(183, 'Partie Aigle : 21/05/2023 - 18h08', 'FRA', 'R R L M E R N M R M I N L R R R', '2023-05-21 18:08:32', '2023-05-21 18:08:59', 4, 43, 1, 1, 2, -1),
	(184, 'Partie Aigle : 21/05/2023 - 18h09', 'FRA', 'L G R C E U N W I R T T L E E A', '2023-05-21 18:09:07', '2023-05-21 18:09:29', 4, 287, 1, 1, 2, -1),
	(185, 'Partie Aigle : 21/05/2023 - 18h09', 'FRA', 'A I I I U T I T I H T I O E E T', '2023-05-21 18:09:35', '2023-05-21 18:10:22', 4, 105, 1, 1, 2, -1),
	(186, 'Partie Aigle : 21/05/2023 - 18h10', 'FRA', 'Z N F Y A L E L T E E T E E S E', '2023-05-21 18:10:34', '2023-05-21 18:12:00', 4, 228, 1, 1, 2, -1),
	(187, 'Partie Aigle : 21/05/2023 - 18h12', 'FRA', 'I R I E I D I T D P T L E I I T', '2023-05-21 18:12:05', '2023-05-21 18:15:38', 4, 116, 1, 1, 2, -1),
	(188, 'Partie Aigle : 21/05/2023 - 18h15', 'FRA', 'E E E E M E E R E E C E C E G E', '2023-05-21 18:15:48', '2023-05-21 18:16:06', 4, 42, 1, 1, 2, -1),
	(189, 'Partie Aigle : 21/05/2023 - 18h16', 'FRA', 'I S A A J S R M N L R T D T L M', '2023-05-21 18:16:13', '2023-05-21 18:18:07', 4, 98, 1, 1, 2, -1),
	(190, 'Partie Aigle : 21/05/2023 - 18h18', 'FRA', 'E E S A E O S E T S E U A B U U', '2023-05-21 18:18:12', '2023-05-21 18:21:54', 4, 281, 1, 1, 2, -1),
	(191, 'Partie Aigle : 21/05/2023 - 18h22', 'FRA', 'O S E L E R E R H S D U I E E E', '2023-05-21 18:22:04', '2023-05-21 18:22:31', 4, 290, 1, 1, 2, -1),
	(192, 'Partie Aigle : 21/05/2023 - 18h22', 'FRA', 'T R E V V R E S E H I T E E E E', '2023-05-21 18:22:37', '2023-05-21 18:25:03', 4, 137, 1, 1, 2, -1),
	(193, 'Partie Aigle : 21/05/2023 - 18h26', 'FRA', 'T E T E E E R U Y U E D E T O E', '2023-05-21 18:26:03', '2023-05-21 18:27:04', 4, 100, 1, 1, 2, -1),
	(194, 'Partie Aigle : 21/05/2023 - 18h27', 'FRA', 'U U O E N D E C L U L E E N E U', '2023-05-21 18:27:15', '2023-05-21 18:27:29', 4, 96, 1, 1, 2, -1),
	(195, 'Partie Aigle : 21/05/2023 - 18h27', 'FRA', 'E N O T E A P N N O E R E T E E', '2023-05-21 18:27:35', '2023-05-21 18:31:35', 4, 246, 1, 1, 2, -1),
	(196, 'Partie Aigle : 21/05/2023 - 18h32', 'FRA', 'T T A A E A E D E E S T H G E F', '2023-05-21 18:32:15', '2023-05-21 18:32:23', 4, 135, 1, 1, 2, -1),
	(197, 'Partie Aigle : 21/05/2023 - 18h32', 'FRA', 'R R I S C T S S S S O O O O C O', '2023-05-21 18:32:30', '2023-05-21 18:33:50', 4, 89, 1, 1, 2, -1),
	(198, 'Partie Aigle : 21/05/2023 - 18h34', 'FRA', 'A A L C L X A N A A S S P L N N', '2023-05-21 18:34:00', '2023-05-21 18:34:37', 4, 160, 1, 1, 2, -1),
	(199, 'Partie Aigle : 21/05/2023 - 18h34', 'FRA', 'L N E S R I O O I R M O M G I U', '2023-05-21 18:34:49', '2023-05-21 18:35:11', 4, 215, 1, 1, 2, -1),
	(200, 'Partie Aigle : 21/05/2023 - 18h35', 'FRA', 'S R S R S R U B E R L I H R S A', '2023-05-21 18:35:18', '2023-05-21 18:36:03', 4, 57, 1, 1, 2, -1),
	(201, 'Partie Aigle : 21/05/2023 - 18h36', 'FRA', 'C N R D M I S S I N L E S E G S', '2023-05-21 18:36:12', '2023-05-21 18:36:19', 4, 288, 1, 1, 2, -1),
	(202, 'Partie Aigle : 21/05/2023 - 18h36', 'FRA', 'T L V T T R O O R R I R A R R O', '2023-05-21 18:36:25', '2023-05-21 18:37:02', 4, 64, 1, 1, 2, -1),
	(203, 'Partie Aigle : 21/05/2023 - 18h37', 'FRA', 'E C N A L N T I R I N F P N A T', '2023-05-21 18:37:31', '2023-05-21 18:37:46', 4, 246, 1, 1, 2, -1),
	(204, 'Partie Aigle : 21/05/2023 - 18h37', 'FRA', 'E R O R O O C T A O R O R I O T', '2023-05-21 18:37:52', '2023-05-21 18:41:36', 4, 123, 1, 1, 2, -1),
	(205, 'Partie Aigle : 21/05/2023 - 18h43', 'FRA', 'E I A E E E G G A E E E E M E E', '2023-05-21 18:43:02', '2023-05-21 18:46:26', 4, 42, 1, 1, 2, -1),
	(206, 'Partie Aigle : 21/05/2023 - 18h46', 'FRA', 'I T N A S A N U E N M N N A R T', '2023-05-21 18:46:35', '2023-05-21 18:46:59', 4, 340, 1, 1, 2, -1),
	(207, 'Partie Aigle : 21/05/2023 - 18h47', 'FRA', 'A A T A E S A S E G A R R A T A', '2023-05-21 18:47:17', '2023-05-21 18:48:33', 4, 241, 1, 1, 2, -1),
	(208, 'Partie Aigle : 21/05/2023 - 18h49', 'FRA', 'I U E T E E E E E E E A E S O M', '2023-05-21 18:49:32', '2023-05-21 18:53:09', 4, 30, 1, 1, 2, -1),
	(209, 'Partie Aigle : 21/05/2023 - 18h54', 'FRA', 'N B I L I O P E S I F M H V O E', '2023-05-21 18:54:51', '2023-05-21 18:56:02', 4, 259, 1, 1, 2, -1),
	(210, 'Partie Aigle : 21/05/2023 - 18h58', 'FRA', 'I E E L T I Y E E T P E E L L I', '2023-05-21 18:58:28', '2023-05-21 18:59:41', 4, 102, 1, 1, 2, -1),
	(211, 'Partie Aigle : 21/05/2023 - 18h59', 'FRA', 'E R E E I S R E E E S L R E E I', '2023-05-21 18:59:48', '2023-05-21 19:03:48', 4, 146, 1, 1, 2, -1),
	(212, 'Partie Aigle : 21/05/2023 - 19h03', 'FRA', 'D C N E D N U V E L E D S N L N', '2023-05-21 19:03:54', '2023-05-21 19:04:53', 4, 176, 1, 1, 2, -1),
	(213, 'Partie Aigle : 21/05/2023 - 19h04', 'FRA', 'S S B F L A G B C S U R E H S S', '2023-05-21 19:04:59', '2023-05-21 19:06:10', 4, 282, 1, 1, 2, -1),
	(214, 'Partie Aigle : 21/05/2023 - 19h06', 'FRA', 'M S N A N S S E S S U N U T S N', '2023-05-21 19:06:26', '2023-05-21 19:07:14', 4, 106, 1, 1, 2, -1),
	(215, 'Partie Aigle : 21/05/2023 - 19h07', 'FRA', 'U T N R E P C A R E O QU S T T D', '2023-05-21 19:07:26', '2023-05-21 19:08:01', 4, 497, 1, 1, 2, -1),
	(216, 'Partie Aigle : 21/05/2023 - 19h08', 'FRA', 'S I A A A U A U A R S A A R I A', '2023-05-21 19:08:21', '2023-05-21 19:09:50', 4, 139, 1, 1, 2, -1),
	(217, 'Partie Aigle : 21/05/2023 - 19h10', 'FRA', 'A A A A L L A E C I A A B F A A', '2023-05-21 19:10:04', '2023-05-21 19:12:42', 4, 164, 1, 1, 2, -1),
	(218, 'Partie default : 21/05/2023 - 19h13', 'FRA', 'R E I T U P A I R S N M S S S S', '2023-05-21 19:13:39', '2023-05-21 19:13:52', 4, 315, 0, 1, 2, -1),
	(219, 'Partie default : 21/05/2023 - 19h14', 'FRA', 'R C F R E R T S R E I L R N V S', '2023-05-21 19:14:00', '2023-05-21 19:15:01', 4, 317, 0, 1, 2, -1),
	(220, 'Partie Aigle : 21/05/2023 - 19h20', 'FRA', 'O I O S I U O T O I I P P I A I', '2023-05-21 19:20:14', '2023-05-21 19:24:14', 4, 75, 1, 1, 2, -1),
	(221, 'Partie Aigle : 21/05/2023 - 19h25', 'FRA', 'E E O E E E E A H E A E T E E S', '2023-05-21 19:25:29', '2023-05-21 19:26:12', 4, 29, 1, 1, 2, -1),
	(222, 'Partie Aigle : 21/05/2023 - 19h26', 'FRA', 'N O E T E G O I N O O I O I N G', '2023-05-21 19:26:18', '2023-05-21 19:27:07', 4, 115, 1, 1, 2, -1),
	(223, 'Partie Aigle : 21/05/2023 - 19h27', 'FRA', 'E E G M E F T C E C E E U R F E', '2023-05-21 19:27:12', '2023-05-21 19:29:12', 4, 137, 1, 1, 2, -1),
	(224, 'Partie Aigle : 21/05/2023 - 19h29', 'FRA', 'N I M U S E A C M N A A A C E A', '2023-05-21 19:29:36', '2023-05-21 19:30:59', 4, 364, 1, 1, 2, -1),
	(225, 'Partie Aigle : 21/05/2023 - 19h31', 'FRA', 'U P E O E E E R N D O C E O L E', '2023-05-21 19:31:47', '2023-05-21 19:32:30', 4, 244, 1, 1, 2, -1),
	(226, 'Partie Aigle : 21/05/2023 - 19h33', 'FRA', 'E S A T T A D I A A N E A E A I', '2023-05-21 19:33:53', '2023-05-21 19:34:30', 4, 204, 1, 1, 2, -1),
	(227, 'Partie Aigle : 21/05/2023 - 19h34', 'FRA', 'O C T T P N N L S S S F I Z C G', '2023-05-21 19:34:50', '2023-05-21 19:36:37', 4, 116, 1, 1, 2, -1),
	(228, 'Partie Aigle : 21/05/2023 - 19h36', 'FRA', 'A C A R H E E C R A A R S S C E', '2023-05-21 19:36:43', '2023-05-21 19:37:02', 4, 224, 1, 1, 2, -1),
	(229, 'Partie Aigle : 21/05/2023 - 19h37', 'FRA', 'T U A L N L T A R N R E L T P N', '2023-05-21 19:37:08', '2023-05-21 19:38:15', 4, 96, 1, 1, 2, -1),
	(230, 'Partie Aigle : 21/05/2023 - 19h38', 'FRA', 'I S L E L E S L L C S I O E S R', '2023-05-21 19:38:21', '2023-05-21 19:42:19', 4, 185, 1, 1, 2, -1),
	(231, 'Partie Lion : 22/05/2023 - 19h51', 'FRA', 'E A N N E E E E P A A E E E O E', '2023-05-22 19:51:32', '2023-05-22 19:51:35', 4, 31, 0, 1, 1, -1),
	(232, 'Partie Lion : 22/05/2023 - 21h54', 'FRA', 'P O D A O R H A S A A S A A I A', '2023-05-22 21:54:21', '2023-05-22 21:54:24', 4, 172, 0, 1, 1, -1),
	(233, 'Partie Lion : 22/05/2023 - 23h00', 'FRA', 'L U T D R E R QU R A T L R I N I', '2023-05-22 23:00:12', '2023-05-22 23:00:44', 4, 314, 0, 1, 1, -1),
	(234, 'Partie Lion : 22/05/2023 - 23h01', 'FRA', 'E A I G G E I I I C H Y I E I I', '2023-05-22 23:01:21', '2023-05-22 23:01:41', 4, 73, 0, 1, 1, -1),
	(235, 'Partie Lion : 22/05/2023 - 23h01', 'FRA', 'I N I N L I S E N S N A A L I S', '2023-05-22 23:01:42', '2023-05-22 23:03:34', 4, 172, 0, 1, 1, -1),
	(236, 'Partie Lion : 22/05/2023 - 23h03', 'FRA', 'D S E E Z D A M E V S E M C S S', '2023-05-22 23:03:36', '2023-05-22 23:04:48', 4, 133, 0, 1, 1, -1),
	(237, 'Partie Lion : 22/05/2023 - 23h05', 'FRA', 'R R L K Y R S L Z I R I R E L R', '2023-05-22 23:05:02', '2023-05-22 23:07:21', 4, 76, 0, 1, 1, -1),
	(238, 'Partie Lion : 22/05/2023 - 23h07', 'FRA', 'M C I O D I O O O O C O O C O R', '2023-05-22 23:07:22', '2023-05-22 23:10:22', 4, 46, 0, 1, 1, -1),
	(239, 'Partie Lion : 22/05/2023 - 23h11', 'FRA', 'E R E D S S E I P E B E E E L E', '2023-05-22 23:11:27', '2023-05-22 23:12:18', 4, 246, 0, 1, 1, -1),
	(240, 'Partie Lion : 22/05/2023 - 23h12', 'FRA', 'O L O L M D I G I R O F L P R O', '2023-05-22 23:12:59', '2023-05-22 23:13:06', 4, 153, 0, 1, 1, -1),
	(241, 'Partie Lion : 22/05/2023 - 23h13', 'FRA', 'N N R L X L G E D I B B I N U C', '2023-05-22 23:13:38', '2023-05-22 23:15:05', 4, 98, 0, 1, 1, -1),
	(242, 'Partie Lion : 22/05/2023 - 23h15', 'FRA', 'I U R I I E R Z F I E R I R B E', '2023-05-22 23:15:09', '2023-05-22 23:17:51', 4, 127, 0, 1, 1, -1),
	(243, 'Partie Paresseux : 22/05/2023 - 23h18', 'FRA', 'I R O I L C S D A I O T H I E D L A I B R T T H C', '2023-05-22 23:18:20', '2023-05-22 23:19:32', 5, 556, 0, 1, 1, -1),
	(244, 'Partie Paresseux : 22/05/2023 - 23h20', 'FRA', 'T E C P A E E E A R E A E A A C I M E N E S A E T', '2023-05-22 23:20:41', '2023-05-22 23:22:03', 5, 498, 0, 1, 1, -1),
	(245, 'Partie Paresseux : 22/05/2023 - 23h22', 'FRA', 'E E D I N R I R R R R R E S R O R O E D E R I A R', '2023-05-22 23:22:30', '2023-05-22 23:23:06', 5, 259, 0, 1, 1, -1),
	(246, 'Partie Aigle : 22/05/2023 - 23h23', 'FRA', 'R O R E D E N G S R U A O A A G', '2023-05-22 23:23:10', '2023-05-22 23:27:10', 4, 408, 1, 1, 1, -1),
	(247, 'Partie Paresseux : 24/05/2023 - 19h43', 'FRA', 'T E A N A E G N E QU E E E S F E P J T A E T E E U', '2023-05-24 19:43:52', '2023-05-24 19:48:52', 5, 287, 0, 1, 1, -1),
	(248, 'Partie Lion : 24/05/2023 - 20h12', 'FRA', 'M R T L T T T I L E S I A R D R', '2023-05-24 20:12:30', '2023-05-24 20:15:30', 4, 229, 0, 1, 1, -1),
	(249, 'Partie Lion : 29/05/2023 - 16h31', 'FRA', 'I M M R P C F C F T C I M A G S', '2023-05-29 16:31:54', '2023-05-29 16:33:39', 4, 149, 0, 1, 1, -1),
	(250, 'Partie Lion : 29/05/2023 - 16h34', 'FRA', 'G U U U I I I U U I D B I U E N', '2023-05-29 16:34:02', '2023-05-29 16:37:02', 4, 45, 0, 1, 1, -1),
	(251, 'Partie Lion : 29/05/2023 - 16h45', 'FRA', 'I A S O S I U I I E E A R I S D', '2023-05-29 16:45:46', '2023-05-29 16:48:46', 4, 248, 0, 1, 1, -1),
	(252, 'Partie Lion : 29/05/2023 - 17h38', 'FRA', 'N D N D R N M N E E R L T S R E', '2023-05-29 17:38:23', '2023-05-29 17:41:23', 4, 162, 0, 1, 2, -1),
	(253, 'Partie Paresseux : 29/05/2023 - 18h11', 'FRA', 'N O N B O R A J C A B N R N N G N N T O N T D S G', '2023-05-29 18:11:02', '2023-05-29 18:16:02', 5, 240, 0, 1, 1, -1),
	(254, 'Partie Aigle : 29/05/2023 - 18h20', 'FRA', 'S O C A R D E A E E T S Y O E A', '2023-05-29 18:20:47', '2023-05-29 18:24:47', 4, 327, 1, 1, 2, -1),
	(255, 'Partie Aigle : 29/05/2023 - 19h39', 'FRA', 'A E E E N E B QU E P E L E E E E', '2023-05-29 19:39:47', '2023-05-29 19:40:51', 4, 72, 1, 1, 1, -1),
	(256, 'Partie Aigle : 29/05/2023 - 19h41', 'FRA', 'O E U S D E E O R E S H S S S O', '2023-05-29 19:41:36', '2023-05-29 19:41:36', 4, 175, 1, 1, 1, -1),
	(257, 'Partie Aigle : 29/05/2023 - 19h41', 'FRA', 'A S A N A I T L O T QU Z A S A I', '2023-05-29 19:41:38', '2023-05-29 19:43:05', 4, 250, 1, 1, 1, -1),
	(258, 'Partie Aigle : 31/05/2023 - 23h06', 'FRA', 'I I E T C C I T I E I A I I I E', '2023-05-31 23:06:22', '2023-05-31 23:07:37', 4, 55, 1, 1, 1, -1),
	(259, 'Partie Lion : 31/05/2023 - 23h07', 'FRA', 'E O I O E E I N O E E E U E C A', '2023-05-31 23:07:40', '2023-05-31 23:08:07', 4, 46, 0, 1, 1, -1),
	(260, 'Partie Aigle : 31/05/2023 - 23h08', 'FRA', 'C B R U S S S U C A R D C I R N', '2023-05-31 23:08:11', '2023-05-31 23:10:05', 4, 156, 1, 1, 1, -1),
	(261, 'Partie Aigle : 31/05/2023 - 23h17', 'FRA', 'R T R N E E S D E M E T D A I L', '2023-05-31 23:17:12', '2023-05-31 23:17:34', 4, 497, 1, 1, 1, -1),
	(262, 'Partie Aigle : 31/05/2023 - 23h17', 'FRA', 'U T R E N O E U N M R N A E A A', '2023-05-31 23:17:35', '2023-05-31 23:18:24', 4, 605, 1, 1, 1, -1),
	(263, 'Partie Aigle : 31/05/2023 - 23h18', 'FRA', 'R U S O I O S Y N R S N T R R R', '2023-05-31 23:18:25', '2023-05-31 23:20:16', 4, 138, 1, 1, 1, -1),
	(264, 'Partie Aigle : 31/05/2023 - 23h20', 'FRA', 'P L P O R T I I A I S E R A T I', '2023-05-31 23:20:21', '2023-05-31 23:21:08', 4, 369, 1, 1, 1, -1),
	(265, 'Partie Aigle : 31/05/2023 - 23h21', 'FRA', 'N E S N J E E V E I A I E E E N', '2023-05-31 23:21:09', '2023-05-31 23:25:04', 4, 148, 1, 1, 1, -1),
	(266, 'Partie Aigle : 31/05/2023 - 23h25', 'FRA', 'L R U O A L U I O O T I R O U A', '2023-05-31 23:25:07', '2023-05-31 23:26:09', 4, 179, 1, 1, 1, -1),
	(267, 'Partie Aigle : 31/05/2023 - 23h26', 'FRA', 'E N N E E E A X E Y I C T N G O', '2023-05-31 23:26:46', '2023-05-31 23:26:54', 4, 184, 1, 1, 1, -1),
	(268, 'Partie Aigle : 31/05/2023 - 23h27', 'FRA', 'E V E T F E N N E F N Z N H E A', '2023-05-31 23:27:07', '2023-05-31 23:27:18', 4, 78, 1, 1, 1, -1),
	(269, 'Partie Aigle : 31/05/2023 - 23h27', 'FRA', 'QU T L A S O A N I L L A M A A I', '2023-05-31 23:27:38', '2023-05-31 23:28:26', 4, 300, 1, 1, 1, -1),
	(270, 'Partie Aigle : 31/05/2023 - 23h28', 'FRA', 'S G S S S S I E J R O S A S P G', '2023-05-31 23:28:28', '2023-05-31 23:29:05', 4, 256, 1, 1, 1, -1),
	(271, 'Partie Aigle : 31/05/2023 - 23h29', 'FRA', 'A E U A S A S A A P P A I E A A', '2023-05-31 23:29:06', '2023-05-31 23:30:06', 4, 109, 1, 1, 1, -1),
	(272, 'Partie Aigle : 31/05/2023 - 23h30', 'FRA', 'I H I L I P E R I E L E I L O E', '2023-05-31 23:30:10', '2023-05-31 23:30:35', 4, 182, 1, 1, 1, -1),
	(273, 'Partie Lion : 01/06/2023 - 19h31', 'FRA', 'E A E A A L M E A A A L A E T E', '2023-06-01 19:31:56', '2023-06-01 19:32:11', 4, 117, 0, 1, 1, -1),
	(274, 'Partie Lion : 01/06/2023 - 19h33', 'FRA', 'O V T E I E I R P I I L M I I O', '2023-06-01 19:33:07', '2023-06-01 19:33:22', 4, 151, 0, 1, 1, -1),
	(275, 'Partie Lion : 01/06/2023 - 19h33', 'FRA', 'R R S R I R R O O R J R N E R N', '2023-06-01 19:33:54', '2023-06-01 19:34:09', 4, 58, 0, 1, 1, -1),
	(276, 'Partie Lion : 01/06/2023 - 19h35', 'FRA', 'O O C O L G L N I A H N S C N O', '2023-06-01 19:35:19', '2023-06-01 19:35:34', 4, 257, 0, 1, 1, -1),
	(277, 'Partie Lion : 01/06/2023 - 19h36', 'FRA', 'I D I A I A R I E K P A I T E D', '2023-06-01 19:36:13', '2023-06-01 19:36:13', 4, 249, 0, 1, 1, -1),
	(278, 'Partie Lion : 01/06/2023 - 19h36', 'FRA', 'O I R G I QU U I D I S O N I S N', '2023-06-01 19:36:14', '2023-06-01 19:36:29', 4, 164, 0, 1, 1, -1),
	(279, 'Partie Lion : 01/06/2023 - 19h37', 'FRA', 'T L U E E L M L S U E L E I R A', '2023-06-01 19:37:14', '2023-06-01 19:37:29', 4, 383, 0, 1, 1, -1),
	(280, 'Partie Lion : 01/06/2023 - 19h39', 'FRA', 'T A K D S E E L L T T T E A V L', '2023-06-01 19:39:28', '2023-06-01 19:39:43', 4, 261, 0, 1, 1, -1),
	(281, 'Partie Lion : 01/06/2023 - 19h40', 'FRA', 'E I B R R B E I E C R E I R E E', '2023-06-01 19:40:14', '2023-06-01 19:40:29', 4, 141, 0, 1, 1, -1),
	(282, 'Partie Lion : 01/06/2023 - 19h41', 'FRA', 'T R N G L L L V L E T K H T N T', '2023-06-01 19:41:52', '2023-06-01 19:42:07', 4, 35, 0, 1, 1, -1),
	(283, 'Partie Lion : 01/06/2023 - 19h43', 'FRA', 'L R N D O T S E N A T R E E R L', '2023-06-01 19:43:23', '2023-06-01 19:43:38', 4, 603, 0, 1, 1, -1),
	(284, 'Partie Lion : 01/06/2023 - 19h48', 'FRA', 'N E G T I I M T I E N A N I I I', '2023-06-01 19:48:24', '2023-06-01 19:48:39', 4, 177, 0, 1, 1, -1),
	(285, 'Partie Lion : 01/06/2023 - 19h49', 'FRA', 'A I I E I T C E O A M E P M P I', '2023-06-01 19:49:26', '2023-06-01 19:49:41', 4, 301, 0, 1, 1, -1),
	(286, 'Partie Lion : 01/06/2023 - 19h54', 'FRA', 'E R E E K S B R I I G S O Y R R', '2023-06-01 19:54:26', '2023-06-01 19:54:41', 4, 119, 0, 1, 1, -1),
	(287, 'Partie Lion : 01/06/2023 - 20h00', 'FRA', 'E E S M A A G C E E R R N E E E', '2023-06-01 20:00:45', '2023-06-01 20:01:00', 4, 190, 0, 1, 1, -1),
	(288, 'Partie Lion : 01/06/2023 - 20h01', 'FRA', 'E T O R S E C I R D A I R U A A', '2023-06-01 20:01:16', '2023-06-01 20:01:16', 4, 373, 0, 1, 1, -1),
	(289, 'Partie Lion : 01/06/2023 - 20h01', 'FRA', 'A E T T R R S O R N F N B R R E', '2023-06-01 20:01:17', '2023-06-01 20:01:32', 4, 185, 0, 1, 1, -1),
	(290, 'Partie Lion : 01/06/2023 - 20h01', 'FRA', 'R R S S A S D D T S A N O P R A', '2023-06-01 20:01:52', '2023-06-01 20:02:07', 4, 265, 0, 1, 1, -1),
	(291, 'Partie Lion : 01/06/2023 - 20h02', 'FRA', 'O S A A QU H S R A E A B T N A A', '2023-06-01 20:02:21', '2023-06-01 20:02:36', 4, 357, 0, 1, 1, -1),
	(292, 'Partie Lion : 01/06/2023 - 20h03', 'FRA', 'C L N I U O R S R U D U U A N M', '2023-06-01 20:03:42', '2023-06-01 20:03:57', 4, 381, 0, 1, 1, -1),
	(293, 'Partie Lion : 01/06/2023 - 20h04', 'FRA', 'R I S A U L T S D O R S D L U C', '2023-06-01 20:04:05', '2023-06-01 20:04:20', 4, 322, 0, 1, 1, -1),
	(294, 'Partie Lion : 01/06/2023 - 20h05', 'FRA', 'A QU S O H R R P I R Z R P O R L', '2023-06-01 20:05:44', '2023-06-01 20:05:59', 4, 61, 0, 1, 1, -1),
	(295, 'Partie Lion : 01/06/2023 - 20h06', 'FRA', 'N I G P I N O N S D I N I D R A', '2023-06-01 20:06:05', '2023-06-01 20:06:20', 4, 254, 0, 1, 1, -1),
	(296, 'Partie Lion : 01/06/2023 - 20h06', 'FRA', 'S S S G P I I S N I I S S Z S S', '2023-06-01 20:06:31', '2023-06-01 20:06:31', 4, 40, 0, 1, 1, -1),
	(297, 'Partie Lion : 01/06/2023 - 20h06', 'FRA', 'S S E R I S R S E R E A S D I D', '2023-06-01 20:06:33', '2023-06-01 20:06:48', 4, 466, 0, 1, 1, -1),
	(298, 'Partie Lion : 01/06/2023 - 20h07', 'FRA', 'A R L R E QU A L A L R A A A I U', '2023-06-01 20:07:44', '2023-06-01 20:07:59', 4, 154, 0, 1, 1, -1),
	(299, 'Partie Lion : 01/06/2023 - 20h08', 'FRA', 'R N A F I E E S I E E U E E E R', '2023-06-01 20:08:38', '2023-06-01 20:08:53', 4, 195, 0, 1, 1, -1),
	(300, 'Partie Lion : 01/06/2023 - 20h13', 'FRA', 'E E S C A S E C A S C S B L H C', '2023-06-01 20:13:14', '2023-06-01 20:13:15', 4, 164, 0, 1, 1, -1),
	(301, 'Partie Lion : 01/06/2023 - 20h13', 'FRA', 'N D I R V S L I S P S I U U I L', '2023-06-01 20:13:15', '2023-06-01 20:13:30', 4, 95, 0, 1, 1, -1),
	(302, 'Partie Lion : 01/06/2023 - 20h16', 'FRA', 'E B T S U A H E A U A C A E M U', '2023-06-01 20:16:06', '2023-06-01 20:16:21', 4, 258, 0, 1, 1, -1),
	(303, 'Partie Lion : 01/06/2023 - 20h16', 'FRA', 'G I I D M I E I I E D E I N R I', '2023-06-01 20:16:29', '2023-06-01 20:16:30', 4, 170, 0, 1, 1, -1),
	(304, 'Partie Lion : 01/06/2023 - 20h16', 'FRA', 'D E P I N O I E N A I I T N N I', '2023-06-01 20:16:32', '2023-06-01 20:16:47', 4, 234, 0, 1, 1, -1),
	(305, 'Partie Lion : 01/06/2023 - 20h16', 'FRA', 'O S T O S O A S A L X S O A O S', '2023-06-01 20:16:52', '2023-06-01 20:17:07', 4, 183, 0, 1, 1, -1),
	(306, 'Partie Lion : 01/06/2023 - 20h17', 'FRA', 'L T L A T A O P T R R O A R G T', '2023-06-01 20:17:20', '2023-06-01 20:17:35', 4, 221, 0, 1, 1, -1),
	(307, 'Partie Lion : 01/06/2023 - 20h19', 'FRA', 'A R S T B S S Z S I T M S R C G', '2023-06-01 20:19:38', '2023-06-01 20:19:53', 4, 153, 0, 1, 1, -1),
	(308, 'Partie Lion : 01/06/2023 - 20h20', 'FRA', 'E I I T I E I M I E C T I T I T', '2023-06-01 20:20:50', '2023-06-01 20:21:05', 4, 41, 0, 1, 1, -1),
	(309, 'Partie Lion : 01/06/2023 - 20h21', 'FRA', 'E E E E E N M N D M E S O Y A L', '2023-06-01 20:21:12', '2023-06-01 20:21:27', 4, 329, 0, 1, 1, -1),
	(310, 'Partie Lion : 01/06/2023 - 20h22', 'FRA', 'I L R D R A R B I B N B M R C R', '2023-06-01 20:22:04', '2023-06-01 20:22:04', 4, 125, 0, 1, 1, -1),
	(311, 'Partie Lion : 01/06/2023 - 20h22', 'FRA', 'T T R S H C G S T T A S C H H D', '2023-06-01 20:22:06', '2023-06-01 20:22:21', 4, 97, 0, 1, 1, -1),
	(312, 'Partie Lion : 01/06/2023 - 20h22', 'FRA', 'S E T R E E N A O R E I E E T T', '2023-06-01 20:22:26', '2023-06-01 20:22:41', 4, 474, 0, 1, 1, -1);

-- Listage de la structure de table mysql. b_proposer
DROP TABLE IF EXISTS `b_proposer`;
CREATE TABLE IF NOT EXISTS `b_proposer` (
  `IdJoueur` int NOT NULL,
  `IdPartie` int NOT NULL,
  `Libelle` varchar(200) NOT NULL,
  `DateProposition` datetime DEFAULT NULL,
  `EstValide` tinyint DEFAULT NULL,
  PRIMARY KEY (`IdJoueur`,`IdPartie`,`Libelle`),
  KEY `IdPartie` (`IdPartie`),
  KEY `Libelle` (`Libelle`)
) ENGINE=InnoDB DEFAULT CHARSET=utf8mb3;

-- Listage des données de la table mysql.b_proposer : ~307 rows (environ)
DELETE FROM `b_proposer`;
INSERT INTO `b_proposer` (`IdJoueur`, `IdPartie`, `Libelle`, `DateProposition`, `EstValide`) VALUES
	(8, 38, 'INEE', '2023-05-07 00:48:06', 1),
	(8, 38, 'SENIS', '2023-05-07 00:48:49', 1),
	(8, 38, 'SENISE', '2023-05-07 00:48:51', 1),
	(8, 46, 'D', '2023-05-16 21:45:54', 0),
	(8, 73, 'BISON', '2023-05-18 15:59:18', 0),
	(8, 73, 'BOA', '2023-05-18 15:59:34', 1),
	(8, 74, 'ANE', '2023-05-18 16:00:34', 1),
	(8, 74, 'CERF', '2023-05-18 16:00:32', 0),
	(8, 75, 'ANE', '2023-05-18 16:03:36', 1),
	(8, 76, 'ANE', '2023-05-18 16:04:46', 1),
	(8, 77, 'ARDE', '2023-05-18 16:43:53', 1),
	(8, 77, 'ARDENT', '2023-05-18 16:43:59', 1),
	(8, 77, 'QZDSQSDZQ', '2023-05-18 16:43:56', 0),
	(8, 83, 'BIEL', '2023-05-19 13:41:51', 1),
	(8, 83, 'ORE', '2023-05-19 13:41:49', 0),
	(8, 83, 'ORIS', '2023-05-19 13:41:47', 1),
	(8, 94, 'Z', '2023-05-19 19:36:32', 0),
	(8, 95, 'GATE', '2023-05-19 19:39:07', 1),
	(8, 95, 'Z', '2023-05-19 19:38:55', 0),
	(8, 96, 'REPOS', '2023-05-19 19:41:17', 1),
	(8, 97, 'NEONES', '2023-05-19 20:05:45', 1),
	(8, 98, 'IRINE', '2023-05-19 20:07:47', 1),
	(8, 99, 'PIC', '2023-05-19 20:08:35', 1),
	(8, 100, 'GISELE', '2023-05-19 20:09:27', 1),
	(8, 101, 'LINS', '2023-05-19 20:10:07', 1),
	(8, 102, 'DETTE', '2023-05-19 20:13:14', 1),
	(8, 103, 'CRI', '2023-05-19 20:14:32', 1),
	(8, 104, 'ERO', '2023-05-19 20:15:36', 1),
	(8, 105, 'CADEAC', '2023-05-19 20:18:03', 1),
	(8, 106, 'BAO', '2023-05-19 20:19:56', 1),
	(8, 107, 'MEAN', '2023-05-19 21:20:40', 1),
	(8, 108, 'BOHAS', '2023-05-19 21:22:41', 1),
	(8, 109, 'ALI', '2023-05-19 21:23:54', 1),
	(8, 110, 'ELUE', '2023-05-19 21:24:56', 1),
	(8, 112, 'TEC', '2023-05-19 21:27:08', 1),
	(8, 113, 'RAQUE', '2023-05-19 21:30:52', 1),
	(8, 114, 'SOS', '2023-05-19 21:34:14', 1),
	(8, 115, 'J1', '2023-05-19 21:36:39', 0),
	(8, 115, 'TIE', '2023-05-19 21:36:56', 1),
	(8, 116, 'NUE', '2023-05-19 21:37:42', 1),
	(8, 117, 'RIULA', '2023-05-19 21:42:57', 1),
	(8, 118, 'CECI', '2023-05-19 21:44:11', 1),
	(8, 119, 'CONNU', '2023-05-19 21:45:33', 1),
	(8, 120, 'OSIER', '2023-05-19 21:48:17', 1),
	(8, 121, 'ETE', '2023-05-19 21:49:53', 1),
	(8, 122, 'ZARA', '2023-05-19 21:51:36', 1),
	(8, 123, 'UNIR', '2023-05-19 21:53:03', 1),
	(8, 124, 'MUSEE', '2023-05-19 21:55:27', 1),
	(8, 125, 'SES', '2023-05-19 21:56:05', 1),
	(8, 126, 'OIE', '2023-05-19 21:57:12', 1),
	(8, 127, 'TIRS', '2023-05-19 21:57:46', 1),
	(8, 128, 'ROLES', '2023-05-19 22:00:24', 1),
	(8, 129, 'TILTE', '2023-05-19 22:01:33', 1),
	(8, 130, 'GOA', '2023-05-19 22:03:44', 1),
	(8, 130, 'GONY', '2023-05-19 22:03:47', 1),
	(8, 135, 'NOEL', '2023-05-21 14:54:32', 1),
	(8, 135, 'NOIE', '2023-05-21 14:54:25', 1),
	(8, 139, 'IRONIE', '2023-05-21 16:50:40', 1),
	(8, 139, 'LIEN', '2023-05-21 16:50:44', 1),
	(8, 140, 'NAIN', '2023-05-21 16:52:10', 1),
	(8, 141, 'OVNIS', '2023-05-21 16:53:13', 1),
	(8, 141, 'VAN', '2023-05-21 16:53:10', 1),
	(8, 144, 'MIRA', '2023-05-21 16:59:39', 1),
	(8, 149, 'SOL', '2023-05-21 17:03:27', 1),
	(8, 152, 'RIME', '2023-05-21 17:11:42', 1),
	(8, 153, 'MANOT', '2023-05-21 17:12:29', 1),
	(8, 154, 'TDS', '2023-05-21 17:17:42', 1),
	(8, 155, 'SEDE', '2023-05-21 17:18:38', 1),
	(8, 156, 'OLE', '2023-05-21 17:24:16', 1),
	(8, 158, 'TAY', '2023-05-21 17:27:56', 1),
	(8, 158, 'TCA', '2023-05-21 17:27:44', 1),
	(8, 158, 'ZAE', '2023-05-21 17:27:59', 0),
	(8, 159, 'REO', '2023-05-21 17:29:26', 1),
	(8, 159, 'SOLUE', '2023-05-21 17:29:19', 1),
	(8, 160, 'ALO', '2023-05-21 17:30:31', 1),
	(8, 160, 'ROLLER', '2023-05-21 17:30:15', 1),
	(8, 160, 'RURAL', '2023-05-21 17:30:09', 1),
	(8, 161, 'SPEEN', '2023-05-21 17:32:43', 1),
	(8, 162, 'TOSS', '2023-05-21 17:33:24', 1),
	(8, 163, 'TLS', '2023-05-21 17:35:04', 1),
	(8, 164, 'RENIE', '2023-05-21 17:35:59', 1),
	(8, 164, 'TRE', '2023-05-21 17:35:56', 1),
	(8, 165, 'TESTA', '2023-05-21 17:36:20', 1),
	(8, 165, 'TESTANT', '2023-05-21 17:36:23', 1),
	(8, 166, 'PINS', '2023-05-21 17:39:24', 1),
	(8, 169, 'STEEVE', '2023-05-21 17:44:50', 1),
	(8, 169, 'TERSEE', '2023-05-21 17:44:59', 1),
	(8, 170, 'TOUL', '2023-05-21 17:45:25', 1),
	(8, 172, 'RASA', '2023-05-21 17:50:51', 1),
	(8, 172, 'TTR', '2023-05-21 17:50:52', 1),
	(8, 175, 'ODE', '2023-05-21 17:55:45', 1),
	(8, 175, 'ODEN', '2023-05-21 17:55:42', 1),
	(8, 176, 'TINEL', '2023-05-21 17:56:34', 1),
	(8, 176, 'TIR', '2023-05-21 17:56:28', 1),
	(8, 178, 'QUE', '2023-05-21 17:58:49', 1),
	(8, 180, 'TAQUE', '2023-05-21 18:00:51', 1),
	(8, 180, 'TAQUER', '2023-05-21 18:00:53', 1),
	(8, 182, 'TAF', '2023-05-21 18:08:02', 0),
	(8, 182, 'TAG', '2023-05-21 18:08:04', 0),
	(8, 182, 'TEL', '2023-05-21 18:08:12', 1),
	(8, 182, 'TEPUI', '2023-05-21 18:08:14', 1),
	(8, 184, 'REC', '2023-05-21 18:09:25', 1),
	(8, 184, 'RECIT', '2023-05-21 18:09:27', 1),
	(8, 186, 'TAY', '2023-05-21 18:10:52', 1),
	(8, 186, 'TTL', '2023-05-21 18:10:41', 1),
	(8, 188, 'CREME', '2023-05-21 18:16:03', 1),
	(8, 191, 'RSD', '2023-05-21 18:22:28', 1),
	(8, 193, 'UREE', '2023-05-21 18:26:13', 1),
	(8, 193, 'UTE', '2023-05-21 18:26:25', 1),
	(8, 194, 'LUNE', '2023-05-21 18:27:27', 1),
	(8, 196, 'TET', '2023-05-21 18:32:20', 1),
	(8, 196, 'TETA', '2023-05-21 18:32:21', 1),
	(8, 198, 'SAXA', '2023-05-21 18:34:05', 1),
	(8, 199, 'SOI', '2023-05-21 18:35:04', 1),
	(8, 201, 'NIL', '2023-05-21 18:36:17', 1),
	(8, 203, 'RIN', '2023-05-21 18:37:44', 1),
	(8, 205, 'J1', '2023-05-21 18:43:12', 0),
	(8, 205, 'MAGE', '2023-05-21 18:43:17', 1),
	(8, 206, 'TAIS', '2023-05-21 18:46:56', 1),
	(8, 207, 'TSE', '2023-05-21 18:47:47', 1),
	(8, 208, 'ETE', '2023-05-21 18:49:36', 1),
	(8, 209, 'LIO', '2023-05-21 18:55:07', 1),
	(8, 210, 'PTE', '2023-05-21 18:59:30', 1),
	(8, 211, 'SIE', '2023-05-21 18:59:58', 1),
	(8, 213, 'USE', '2023-05-21 19:05:32', 1),
	(8, 215, 'TUE', '2023-05-21 19:07:59', 1),
	(8, 215, 'TUEE', '2023-05-21 19:07:44', 1),
	(8, 216, 'RUA', '2023-05-21 19:08:39', 1),
	(8, 217, 'FBI', '2023-05-21 19:10:16', 1),
	(8, 218, 'TUPI', '2023-05-21 19:13:47', 1),
	(8, 219, 'VET', '2023-05-21 19:14:07', 1),
	(8, 220, 'POU', '2023-05-21 19:20:20', 1),
	(8, 220, 'TPI', '2023-05-21 19:21:31', 1),
	(8, 221, 'TEE', '2023-05-21 19:25:37', 1),
	(8, 222, 'ONE', '2023-05-21 19:26:37', 1),
	(8, 224, 'USE', '2023-05-21 19:29:50', 1),
	(8, 225, 'REPU', '2023-05-21 19:31:58', 1),
	(8, 226, 'TTA', '2023-05-21 19:33:57', 1),
	(8, 227, 'STOP', '2023-05-21 19:35:02', 1),
	(8, 228, 'SARE', '2023-05-21 19:36:54', 1),
	(8, 229, 'TNT', '2023-05-21 19:37:26', 1),
	(8, 230, 'SIL', '2023-05-21 19:38:28', 1),
	(8, 238, 'COOI', '2023-05-22 23:08:22', 0),
	(8, 238, 'DICO', '2023-05-22 23:07:31', 1),
	(8, 238, 'MOD', '2023-05-22 23:08:02', 1),
	(8, 238, 'MOOC', '2023-05-22 23:08:36', 1),
	(8, 239, 'SID', '2023-05-22 23:11:33', 1),
	(8, 241, 'UNI', '2023-05-22 23:13:47', 1),
	(8, 241, 'UNIX', '2023-05-22 23:13:42', 1),
	(8, 245, 'REDIESE', '2023-05-22 23:22:49', 1),
	(8, 245, 'SOI', '2023-05-22 23:22:36', 1),
	(8, 246, 'RUESGA', '2023-05-22 23:26:53', 1),
	(8, 246, 'SAUNERA', '2023-05-22 23:26:43', 1),
	(8, 246, 'SAURER', '2023-05-22 23:26:48', 1),
	(8, 246, 'URD', '2023-05-22 23:23:21', 1),
	(8, 248, 'DES', '2023-05-24 20:13:49', 1),
	(8, 248, 'DIS', '2023-05-24 20:12:58', 1),
	(8, 248, 'LARD', '2023-05-24 20:12:50', 1),
	(8, 248, 'LARDS', '2023-05-24 20:12:52', 1),
	(8, 248, 'LES', '2023-05-24 20:13:39', 1),
	(8, 248, 'LIS', '2023-05-24 20:13:30', 1),
	(8, 248, 'LIT', '2023-05-24 20:13:11', 1),
	(8, 248, 'RALE', '2023-05-24 20:13:04', 1),
	(8, 248, 'RALES', '2023-05-24 20:13:07', 1),
	(8, 248, 'RIS', '2023-05-24 20:12:56', 1),
	(8, 248, 'SIL', '2023-05-24 20:13:27', 1),
	(8, 248, 'TEL', '2023-05-24 20:12:37', 1),
	(8, 248, 'TES', '2023-05-24 20:13:37', 1),
	(8, 252, 'MER', '2023-05-29 17:39:10', 1),
	(8, 252, 'REND', '2023-05-29 17:39:08', 1),
	(8, 252, 'RESTE', '2023-05-29 17:39:21', 1),
	(8, 252, 'TERRE', '2023-05-29 17:39:12', 1),
	(8, 253, 'RANG', '2023-05-29 18:11:12', 1),
	(8, 254, 'CORDE', '2023-05-29 18:21:22', 1),
	(8, 254, 'CORS', '2023-05-29 18:21:19', 1),
	(8, 254, 'DORS', '2023-05-29 18:21:16', 1),
	(8, 254, 'DOS', '2023-05-29 18:20:57', 1),
	(8, 254, 'SA', '2023-05-29 18:21:07', 0),
	(8, 255, 'BEL', '2023-05-29 19:40:26', 1),
	(8, 255, 'QUE', '2023-05-29 19:39:57', 1),
	(8, 257, 'LAIT', '2023-05-29 19:41:54', 1),
	(8, 257, 'SAIT', '2023-05-29 19:41:50', 1),
	(8, 258, 'CITE', '2023-05-31 23:06:32', 1),
	(8, 259, 'NOIE', '2023-05-31 23:07:45', 1),
	(8, 260, 'CAR', '2023-05-31 23:09:43', 1),
	(8, 260, 'CIR', '2023-05-31 23:08:22', 1),
	(8, 261, 'MET', '2023-05-31 23:17:20', 1),
	(8, 262, 'NOTRE', '2023-05-31 23:17:43', 1),
	(8, 263, 'SOIR', '2023-05-31 23:18:30', 1),
	(8, 264, 'PRISE', '2023-05-31 23:20:29', 1),
	(8, 265, 'ENVIA', '2023-05-31 23:21:28', 1),
	(8, 266, 'LOT', '2023-05-31 23:25:18', 1),
	(8, 268, 'FEE', '2023-05-31 23:27:11', 1),
	(8, 269, 'QUOI', '2023-05-31 23:27:42', 1),
	(8, 270, 'ROIS', '2023-05-31 23:28:36', 1),
	(8, 271, 'PAS', '2023-05-31 23:29:09', 1),
	(8, 272, 'PILE', '2023-05-31 23:30:17', 1),
	(8, 273, 'MALTE', '2023-06-01 19:32:04', 1),
	(8, 273, 'TAMEE', '2023-06-01 19:32:01', 1),
	(8, 274, 'LOI', '2023-06-01 19:33:11', 1),
	(8, 274, 'LOIRE', '2023-06-01 19:33:14', 1),
	(8, 274, 'VOIE', '2023-06-01 19:33:20', 1),
	(8, 275, 'ERRON', '2023-06-01 19:34:06', 0),
	(8, 275, 'ION', '2023-06-01 19:34:04', 1),
	(8, 278, 'QUOI', '2023-06-01 19:36:18', 1),
	(8, 278, 'SOI', '2023-06-01 19:36:26', 1),
	(8, 279, 'LES', '2023-06-01 19:37:21', 1),
	(8, 279, 'TELE', '2023-06-01 19:37:19', 1),
	(8, 280, 'SEL', '2023-06-01 19:39:33', 1),
	(8, 281, 'BIERE', '2023-06-01 19:40:22', 1),
	(8, 281, 'CIRE', '2023-06-01 19:40:16', 1),
	(8, 281, 'CRI', '2023-06-01 19:40:28', 1),
	(8, 282, 'LET', '2023-06-01 19:41:59', 1),
	(8, 282, 'NET', '2023-06-01 19:42:02', 1),
	(8, 282, 'TEH', '2023-06-01 19:42:07', 1),
	(8, 284, 'GIE', '2023-06-01 19:48:38', 0),
	(8, 284, 'NEIGE', '2023-06-01 19:48:34', 1),
	(8, 285, 'CITA', '2023-06-01 19:49:38', 1),
	(8, 285, 'TOP', '2023-06-01 19:49:33', 1),
	(22, 38, 'SEINS', '2023-05-07 00:48:16', 1),
	(22, 39, 'BARCA', '2023-05-07 00:54:02', 1),
	(22, 39, 'QSZD', '2023-05-07 00:53:36', 0),
	(22, 39, 'TOLARD', '2023-05-07 00:53:35', 1),
	(22, 44, 'QSZD', '2023-05-15 22:00:00', 0),
	(22, 44, 'Z', '2023-05-15 21:59:55', 0),
	(22, 44, 'ZDQ', '2023-05-15 21:59:57', 0),
	(22, 46, 'D', '2023-05-16 21:45:56', 0),
	(22, 111, 'LIO', '2023-05-19 21:25:59', 1),
	(22, 129, 'TILTE', '2023-05-19 22:01:38', 1),
	(22, 130, 'AUBE', '2023-05-19 22:04:17', 1),
	(22, 130, 'BUNNY', '2023-05-19 22:04:21', 1),
	(22, 165, 'RENIE', '2023-05-21 17:38:14', 0),
	(22, 165, 'RITES', '2023-05-21 17:36:45', 1),
	(22, 165, 'TUNA', '2023-05-21 17:36:28', 1),
	(22, 169, 'STERE', '2023-05-21 17:45:04', 1),
	(22, 180, 'GATEE', '2023-05-21 18:01:06', 1),
	(22, 189, 'TNT', '2023-05-21 18:18:04', 1),
	(22, 219, 'VET', '2023-05-21 19:14:10', 1),
	(22, 223, 'RUE', '2023-05-21 19:27:32', 1),
	(22, 252, 'MER', '2023-05-29 17:38:56', 1),
	(22, 252, 'REND', '2023-05-29 17:38:33', 1),
	(22, 252, 'RES', '2023-05-29 17:38:41', 1),
	(22, 252, 'SERRE', '2023-05-29 17:38:40', 1),
	(22, 252, 'TER', '2023-05-29 17:38:49', 1),
	(22, 252, 'TERRE', '2023-05-29 17:38:51', 1),
	(22, 252, 'TES', '2023-05-29 17:38:47', 1),
	(22, 254, 'CEDE', '2023-05-29 18:21:51', 1),
	(22, 254, 'CEDER', '2023-05-29 18:21:55', 1),
	(22, 254, 'CES', '2023-05-29 18:21:46', 1),
	(22, 254, 'CET', '2023-05-29 18:21:48', 1),
	(22, 254, 'ETE', '2023-05-29 18:21:30', 1),
	(22, 254, 'ROC', '2023-05-29 18:21:41', 1),
	(22, 254, 'TES', '2023-05-29 18:22:01', 1),
	(23, 39, 'CALON', '2023-05-07 00:53:26', 1),
	(23, 39, 'CRA', '2023-05-07 00:53:23', 1),
	(23, 39, 'CRAS', '2023-05-07 00:53:24', 1),
	(23, 39, 'QDZSDQZSDZS', '2023-05-07 00:53:28', 0),
	(23, 41, 'LENA', '2023-05-15 21:27:55', 1),
	(23, 41, 'QZDQZDZQ', '2023-05-15 21:27:56', 0),
	(23, 41, 'QZDZQSD', '2023-05-15 21:27:58', 0),
	(23, 91, 'ZD', '2023-05-19 19:31:49', 0),
	(23, 92, 'Z', '2023-05-19 19:33:54', 0),
	(23, 93, 'Z', '2023-05-19 19:35:14', 0),
	(33, 286, 'KOI', '2023-06-01 19:54:31', 0),
	(33, 287, 'GRAS', '2023-06-01 20:00:56', 1),
	(33, 287, 'GRE', '2023-06-01 20:00:50', 1),
	(33, 289, 'TOT', '2023-06-01 20:01:29', 1),
	(33, 290, 'RAS', '2023-06-01 20:01:57', 1),
	(33, 290, 'RAT', '2023-06-01 20:01:55', 1),
	(33, 291, 'QUE', '2023-06-01 20:02:25', 1),
	(33, 291, 'TANE', '2023-06-01 20:02:33', 0),
	(33, 292, 'CLO', '2023-06-01 20:03:55', 0),
	(33, 293, 'LORS', '2023-06-01 20:04:19', 1),
	(33, 293, 'LUIR', '2023-06-01 20:04:10', 0),
	(33, 295, 'DIS', '2023-06-01 20:06:08', 1),
	(33, 297, 'DIRE', '2023-06-01 20:06:42', 1),
	(33, 298, 'LAQUE', '2023-06-01 20:07:51', 1),
	(33, 298, 'QUE', '2023-06-01 20:07:47', 1),
	(33, 299, 'FAN', '2023-06-01 20:08:53', 1),
	(33, 299, 'RIEN', '2023-06-01 20:08:43', 1),
	(33, 301, 'LILI', '2023-06-01 20:13:29', 1),
	(33, 301, 'PUIS', '2023-06-01 20:13:22', 1),
	(33, 301, 'SIL', '2023-06-01 20:13:25', 1),
	(33, 302, 'BEAU', '2023-06-01 20:16:10', 1),
	(33, 302, 'CHAU', '2023-06-01 20:16:20', 0),
	(33, 302, 'HAUT', '2023-06-01 20:16:16', 0),
	(33, 302, 'TAU', '2023-06-01 20:16:12', 1),
	(33, 304, 'DON', '2023-06-01 20:16:35', 1),
	(33, 304, 'PIE', '2023-06-01 20:16:44', 1),
	(33, 305, 'LAOS', '2023-06-01 20:16:59', 1),
	(33, 305, 'LAX', '2023-06-01 20:17:07', 1),
	(33, 305, 'SAXO', '2023-06-01 20:17:04', 1),
	(33, 305, 'SOL', '2023-06-01 20:16:56', 1),
	(33, 305, 'SOT', '2023-06-01 20:16:54', 1),
	(33, 306, 'LAR', '2023-06-01 20:17:32', 0),
	(33, 306, 'LOT', '2023-06-01 20:17:29', 1),
	(33, 306, 'TAROT', '2023-06-01 20:17:26', 1),
	(33, 307, 'BAR', '2023-06-01 20:19:40', 1),
	(33, 307, 'BRAS', '2023-06-01 20:19:42', 1),
	(33, 307, 'TIR', '2023-06-01 20:19:53', 1),
	(33, 307, 'TISSA', '2023-06-01 20:19:48', 0),
	(33, 308, 'CITE', '2023-06-01 20:20:56', 1),
	(33, 308, 'MIE', '2023-06-01 20:21:01', 1),
	(33, 309, 'MENE', '2023-06-01 20:21:20', 1),
	(33, 309, 'MENEE', '2023-06-01 20:21:23', 1),
	(33, 311, 'CHAT', '2023-06-01 20:22:18', 1),
	(33, 312, 'TENAIT', '2023-06-01 20:22:37', 1);

/*!40103 SET TIME_ZONE=IFNULL(@OLD_TIME_ZONE, 'system') */;
/*!40101 SET SQL_MODE=IFNULL(@OLD_SQL_MODE, '') */;
/*!40014 SET FOREIGN_KEY_CHECKS=IFNULL(@OLD_FOREIGN_KEY_CHECKS, 1) */;
/*!40101 SET CHARACTER_SET_CLIENT=@OLD_CHARACTER_SET_CLIENT */;
/*!40111 SET SQL_NOTES=IFNULL(@OLD_SQL_NOTES, 1) */;

